LBAc Form No. 2,,,,,,,,,,,,,,,,,,,,,,,,,,,
QUARTERLY FINANCIAL REPORT OF OPERATIONS,,,,,,,,,,,,,,,,,,,,,,,,,,,
"For the Quarter Ending December 31, 2025",,,,,,,,,,,,,,,,,,,,,,,,,,,
,,,,,,,,,,,,,,,,,,,,,,,,,,,
Major Final Output/ PPA,FPP Code,Implementing Unit,Appropriation,,,,,,,Allotment Released,,,,,,,Balance of Appropriation,Obligations Incurred,,,,,,,Unobligated Balances,Percentage of Obligation over Appropriation,Remarks
,,,Continuing,Current,PS,MOOE,CO,FE,Total,Previous Quarters,This Quarter,PS,MOOE,CO,FE,Total,,Previous Quarters,This Quarter,PS,MOOE,CO,FE,Total,,ALLOTMENTS,
Executive Governance Program,,,,,,,,,,,,,,,,,,,,,,,,,,,
"General Administrative Support for the supervision and control over all programs, projects, services and activities of the province",1000-1-1.1,Office of the Provincial Governor (OPG), -   ," 365,874,953.80 "," 58,143,726.80 "," 306,566,227.00 "," 1,165,000.00 ",," 365,874,953.80 "," 235,876,361.80 "," 129,998,592.00 "," 58,143,726.80 "," 306,566,227.00 "," 1,165,000.00 ",," 365,874,953.80 ", -   ," 207,493,782.98 "," 144,444,553.82 "," 56,839,125.51 "," 293,935,071.29 "," 1,164,140.00 ",," 351,938,336.80 "," 13,936,617.00 ",96.19%,
Provision of allowances/ honorarium for professional services rendered by National Government Agencies,1000-1-1.2,OPG/OPLO, -   ," 13,020,000.00 ",," 13,020,000.00 ",,," 13,020,000.00 "," 13,020,000.00 ", -   ,," 13,020,000.00 ",,," 13,020,000.00 ", -   ," 10,365,741.94 "," 2,126,000.00 ",," 12,491,741.94 ",,," 12,491,741.94 "," 528,258.06 ",95.94%,
Payment of Wages for Job Orders,1000-1-1.3,OPG, -   ," 163,306,613.50 ",," 163,306,613.50 ",,," 163,306,613.50 "," 163,306,613.50 ", -   ,," 163,306,613.50 ",,," 163,306,613.50 ", -   ," 140,637,946.71 "," 20,132,460.06 ",," 160,770,406.77 ",,," 160,770,406.77 "," 2,536,206.73 ",98.45%,
Araw ng Kalayaan,1000-1-1.5.1,OPG, -   ," 1,757,500.00 ",," 1,757,500.00 ",,," 1,757,500.00 "," 1,687,882.00 "," 69,618.00 ",," 1,757,500.00 ",,," 1,757,500.00 ", -   ," 1,672,931.88 "," 69,618.12 ",," 1,742,550.00 ",,," 1,742,550.00 "," 14,950.00 ",99.15%,
Year-end Capitol Assembly and Capitol Embellishment,1000-1-1.5.2,OPG, -   ," 5,400,000.00 ",," 5,400,000.00 ",,," 5,400,000.00 "," 4,000,000.00 "," 1,400,000.00 ",," 5,400,000.00 ",,," 5,400,000.00 ", -   , -   ," 5,234,787.15 ",," 5,234,787.15 ",,," 5,234,787.15 "," 165,212.85 ",96.94%,
Governor's Night,1000-1-1.5.3,OPG, -   ," 375,000.00 ",," 375,000.00 ",,," 375,000.00 "," 375,000.00 ", -   ,," 375,000.00 ",,," 375,000.00 ", -   ," 374,750.00 ", (1.00),," 374,749.00 ",,," 374,749.00 ", 251.00 ,99.93%,
Document Tracking System,1000-1-1.6,OPG, -   ," 70,000.00 ",," 70,000.00 ",,," 70,000.00 "," 70,000.00 ", -   ,," 70,000.00 ",,," 70,000.00 ", -   , -   , -   ,, -   ,,, -   ," 70,000.00 ",0.00%,
Confidential Expenses,1000-1-1.7,OPG, -   ," 21,000,000.00 ",," 21,000,000.00 ",,," 21,000,000.00 "," 21,000,000.00 ", -   ,," 21,000,000.00 ",,," 21,000,000.00 ", -   ," 21,000,000.00 ", -   ,," 21,000,000.00 ",,," 21,000,000.00 ", -   ,100.00%,
Operation and Maintenance of The Bunker Building,1000-1-1.8,OPG, -   ," 165,584,153.00 ",," 165,584,153.00 ",,," 165,584,153.00 "," 165,584,153.00 ", -   ,," 165,584,153.00 ",,," 165,584,153.00 ", -   ," 160,782,244.48 "," 4,768,418.46 ",," 165,550,662.94 ",,," 165,550,662.94 "," 33,490.06 ",99.98%,
Procurement of Electric Vehicle,1000-1-1.12,OPG, -   , -   ,,, -   ,, -   , -   , -   ,,, -   ,, -   , -   , -   , -   ,,, -   ,, -   , -   ,#DIV/0!, Reverted thru SB No. 4 
Bataan GovTech Accelerator Program,1000-1-1.14,OPG, -   , -   ,, -   ,,, -   , -   , -   ,, -   ,,, -   , -   , -   , -   ,, -   ,,, -   , -   ,#DIV/0!, Realigned thru Augmention Form 
English Competency Week in the Province of Bataan (Provincial Ordinance No. 19 series of 2022),1000-1-1.15,OPG, -   ," 235,000.00 ",," 235,000.00 ",,," 235,000.00 "," 235,000.00 ", -   ,," 235,000.00 ",,," 235,000.00 ", -   ," 206,695.00 ", -   ,," 206,695.00 ",,," 206,695.00 "," 28,305.00 ",87.96%,
Provision of Financial Assistance,,,,,,,,,,,,,,,,,,,,,,,,,,,
Donation/aide/ assistance to other levels of government/ individuals/ institution,1000-1-1.17.1,OPG, -   ," 4,750,000.00 ",," 4,750,000.00 ",,," 4,750,000.00 "," 4,400,000.00 "," 350,000.00 ",," 4,750,000.00 ",,," 4,750,000.00 ", -   ," 3,839,936.00 "," 850,915.00 ",," 4,690,851.00 ",,," 4,690,851.00 "," 59,149.00 ",98.75%,
Funeral wreaths for deceased Bataan leaders & personalities,1000-1-1.17.2,OPG, -   ," 3,000,000.00 ",," 3,000,000.00 ",,," 3,000,000.00 "," 3,000,000.00 ", -   ,," 3,000,000.00 ",,," 3,000,000.00 ", -   ," 2,424,060.80 "," 408,240.00 ",," 2,832,300.80 ",,," 2,832,300.80 "," 167,699.20 ",94.41%,
Food assistance to Cultural Activities,1000-1-1.17.3,OPG, -   , -   ,, -   ,,, -   , -   , -   ,, -   ,,, -   , -   , -   , -   ,, -   ,,, -   , -   ,#DIV/0!, Realigned thru Augmention Form 
Rural Improvement Club - Children Center (RIC-CC),1000-1-1.17.4,OPG/Office of the Provincial Agriculturist (OPA) , -   ," 21,000.00 ",," 21,000.00 ",,," 21,000.00 "," 21,000.00 ", -   ,," 21,000.00 ",,," 21,000.00 ", -   ," 21,000.00 ", -   ,," 21,000.00 ",,," 21,000.00 ", -   ,100.00%,
Special Assistance Program,,,,,,,,,,,,,,,,,,,,,,,,,,,
General Administrative Support for the provision of special assistance,1000-1-1.18-1,OPGO/Special Assistance Program (SAP), -   ," 649,725.00 ",," 649,725.00 ", -   ,," 649,725.00 "," 649,725.00 ", -   ,," 649,725.00 ", -   ,," 649,725.00 ", -   ," 280,335.00 "," 1,500.00 ",," 281,835.00 ", -   ,," 281,835.00 "," 367,890.00 ",43.38%,
Operation and Maintenance of 1Bataan Malasakit Center,1000-1-1.18-2,OPGO/SAP, -   ," 399,120.00 ",," 399,120.00 ",,," 399,120.00 "," 399,120.00 ", -   ,," 399,120.00 ",,," 399,120.00 ", -   ," 370,318.59 "," 1,500.00 ",," 371,818.59 ",,," 371,818.59 "," 27,301.41 ",93.16%,
Tulong mula sa Pamahalaan,1000-1-1.19,OPG/OPGSO, -   ," 150,000,000.00 ",," 150,000,000.00 ",,," 150,000,000.00 "," 150,000,000.00 ", -   ,," 150,000,000.00 ",,," 150,000,000.00 ", -   ," 145,680,000.00 "," 2,592,000.00 ",," 148,272,000.00 ",,," 148,272,000.00 "," 1,728,000.00 ",98.85%,
Bisita Bayan and Bisita Barangay Activities,1000-1-1.20,OPG, -   ," 14,972,000.00 ",," 14,972,000.00 ",,," 14,972,000.00 "," 14,972,000.00 ", -   ,," 14,972,000.00 ",,," 14,972,000.00 ", -   ," 14,972,000.00 ", -   ,," 14,972,000.00 ",,," 14,972,000.00 ", -   ,100.00%,
Rewards and Incentives for the One Bataan Seal of Healthy Barangays,1000-1-1.21,OPG/OPHO, -   ," 37,519,000.00 ",," 37,519,000.00 ",,," 37,519,000.00 "," 39,400,000.00 "," (1,881,000.00)",," 37,519,000.00 ",,," 37,519,000.00 ", -   ," 9,100,000.00 "," 10,350,000.00 ",," 19,450,000.00 ",,," 19,450,000.00 "," 18,069,000.00 ",51.84%,
Hataw Takbo Pamilya Run ,1000-1-1.22,OPG/OPHO, -   ," 81,600.00 ",," 81,600.00 ",,," 81,600.00 "," 81,600.00 ", -   ,," 81,600.00 ",,," 81,600.00 ", -   , -   , -   ,, -   ,,, -   ," 81,600.00 ",0.00%,
Hataw Takbo Bataan Provincial Fun Run,1000-1-1.23,OPG/OPHO, -   ," 16,101,400.00 ",," 16,101,400.00 ",,," 16,101,400.00 "," 16,101,400.00 ", -   ,," 16,101,400.00 ",,," 16,101,400.00 ", -   ," 16,101,386.20 ", -   ,," 16,101,386.20 ",,," 16,101,386.20 ", 13.80 ,100.00%,
"Social Media Promotions of Kwentuhan Tayo, Bataeño; Gov TV: Para sa Bataan; and Dito sa Bataan",1000-1-1.25,OPG, -   ," 1,860,000.00 ",," 1,860,000.00 ",,," 1,860,000.00 "," 1,860,000.00 ", -   ,," 1,860,000.00 ",,," 1,860,000.00 ", -   ," 1,488,374.50 "," 118,351.01 ",," 1,606,725.51 ",,," 1,606,725.51 "," 253,274.49 ",86.38%,
Women's Month Celebration ,1000-1-1.28,OPG, -   ," 169,500.00 ",," 169,500.00 ",,," 169,500.00 "," 169,500.00 ", -   ,," 169,500.00 ",,," 169,500.00 ", -   ," 162,174.00 ", -   ,," 162,174.00 ",,," 162,174.00 "," 7,326.00 ",95.68%,
Special Program for Employment of Students (SPES),1000-1-1.29,OPG/OPPESM, -   ," 738,000.00 ",," 738,000.00 ",,," 738,000.00 "," 738,000.00 ", -   ,," 738,000.00 ",,," 738,000.00 ", -   ," 738,000.00 ", -   ,," 738,000.00 ",,," 738,000.00 ", -   ,100.00%,
Gender and Development Seminar and Training,1000-1-1.30,OPG/ PGB Offices, -   ," 2,680,000.00 ",," 2,680,000.00 ",,," 2,680,000.00 "," 2,680,000.00 ", -   ,," 2,680,000.00 ",,," 2,680,000.00 ", -   ," 1,357,000.00 "," 677,000.00 ",," 2,034,000.00 ",,," 2,034,000.00 "," 646,000.00 ",75.90%,
PGB's Rewards and Incentive Programs to employees,1000-1-1.33,OPG/OPHRMO, -   ," 500,000.00 ",," 500,000.00 ",,," 500,000.00 "," 500,000.00 ", -   ,," 500,000.00 ",,," 500,000.00 ", -   , -   , -   ,, -   ,,, -   ," 500,000.00 ",0.00%,
"""Birthday Ko, Handog Namin Sa Iyo, Birthday Celebrators Outreach Program"" As Per Resolution No. 135 S. 2023",1000-1-1.35,OPG, -   ," 2,400,000.00 ",," 2,400,000.00 ",,," 2,400,000.00 "," 2,400,000.00 ", -   ,," 2,400,000.00 ",,," 2,400,000.00 ", -   ," 1,783,000.00 "," 177,000.00 ",," 1,960,000.00 ",,," 1,960,000.00 "," 440,000.00 ",81.67%,
Health Promotion Board Services,,,,,,,,,,,,,,,,,,,,,,,,,,,
General Administrative Support to the implementation of 1Bataan Health Promotion Board programs and activities,1000-1-1.36.1,OPG/PHPB, -   ," 774,150.00 ",," 711,150.00 "," 63,000.00 ",," 774,150.00 "," 773,950.00 ", 200.00 ,," 711,150.00 "," 63,000.00 ",," 774,150.00 ", -   ," 94,100.00 ", -   ,," 31,300.00 "," 62,800.00 ",," 94,100.00 "," 680,050.00 ",12.16%,
Data collection and health surveys to gather information necessary for policy formulation and directions on health promotion,1000-1-1.36.2,OPG/PHPB, -   ," 200,000.00 ",," 200,000.00 ",,," 200,000.00 "," 200,000.00 ", -   ,," 200,000.00 ",,," 200,000.00 ", -   , -   , -   ,, -   ,,, -   ," 200,000.00 ",0.00%,
Promotion of 1Bataan Sports Development and Active Lifestyle Program,1000-1-1.36.3,OPG/PHPB, -   ," 3,313,296.00 ",," 3,313,296.00 ",,," 3,313,296.00 "," 3,313,296.00 ", -   ,," 3,313,296.00 ",,," 3,313,296.00 ", -   ," 2,142,297.50 "," 27,162.50 ",," 2,169,460.00 ",,," 2,169,460.00 "," 1,143,836.00 ",65.48%,
Promotion of Tobacco Free Generation Social Movement,1000-1-1.36.4,OPG/PHPB, -   ," 1,850,000.00 ",," 1,850,000.00 ",,," 1,850,000.00 "," 1,850,000.00 ", -   ,," 1,850,000.00 ",,," 1,850,000.00 ", -   ," 447,056.00 "," 26,319.00 ",," 473,375.00 ",,," 473,375.00 "," 1,376,625.00 ",25.59%,
Promotion of Health-Promoting Schools,1000-1-1.36.5,OPG/PHPB, -   ," 1,100,000.00 ",," 1,100,000.00 ",,," 1,100,000.00 "," 1,100,000.00 ", -   ,," 1,100,000.00 ",,," 1,100,000.00 ", -   , -   , -   ,, -   ,,, -   ," 1,100,000.00 ",0.00%,
Promotion of The Bunker as Healthy Workplace,1000-1-1.36.6,OPG/PHPB, -   ," 2,930,000.00 ",," 2,930,000.00 ", -   ,," 2,930,000.00 "," 2,930,000.00 ", -   ,," 2,930,000.00 ", -   ,," 2,930,000.00 ", -   ," 1,228,600.00 "," 1,040,340.00 ",," 2,268,940.00 ", -   ,," 2,268,940.00 "," 661,060.00 ",77.44%,
Formulation of Provincial Development and Physical Framework Plan (PDPFP) of the Province of Bataan,1000-1-1.37,OPG, -   ," 2,325,880.00 ",," 2,325,880.00 ",,," 2,325,880.00 "," 2,325,880.00 ", -   ,," 2,325,880.00 ",,," 2,325,880.00 ", -   ," 1,772,951.00 "," (238,742.00)",," 1,534,209.00 ",,," 1,534,209.00 "," 791,671.00 ",65.96%, Supplemental Budget No. 1 
"Disturbance Compensation of Provincial Government of Bataan to CLOA farmer- beneficiaries located at Orani, Bataan  ",1000-1-1.38,OPG/LEGAL, -   ," 13,000,000.00 ",,," 13,000,000.00 ",," 13,000,000.00 "," 5,000,000.00 "," 8,000,000.00 ",,," 13,000,000.00 ",," 13,000,000.00 ", -   , -   ," 6,570,300.00 ",,," 6,570,300.00 ",," 6,570,300.00 "," 6,429,700.00 ",50.54%, Supplemental Budget No. 2 
"Subsidy to Municipality of Orion for Repiping Works at 1Bataan Village, Brgy. Daang Pare, Orion, Bataan",1000-1-1.39,OPG, -   ," 10,500,000.00 ",," 10,500,000.00 ",,," 10,500,000.00 "," 10,500,000.00 ", -   ,," 10,500,000.00 ",,," 10,500,000.00 ", -   , -   ," 8,800,000.00 ",," 8,800,000.00 ",,," 8,800,000.00 "," 1,700,000.00 ",83.81%, Supplemental Budget No. 4 
"Purchase of lot, Brgy. Nagbalayong, Morong, Bataan",1000-1-1.40,OPG, -   ," 2,000,000.00 ",,," 2,000,000.00 ",," 2,000,000.00 "," 2,000,000.00 ", -   ,,," 2,000,000.00 ",," 2,000,000.00 ", -   , -   ," 556,750.00 ",,," 556,750.00 ",," 556,750.00 "," 1,443,250.00 ",27.84%, Supplemental Budget No. 4 
"Construction of Fit-Out Works, Alas, Oplas & Co., CPAs Office 3rd Floor The Bunker Building,  Balanga City, Bataan",1000-1-1.41,OPG, -   ," 600,000.00 ",,," 600,000.00 ",," 600,000.00 "," 600,000.00 ", -   ,,," 600,000.00 ",," 600,000.00 ", -   ," 585,813.05 ", -   ,,," 585,813.05 ",," 585,813.05 "," 14,186.95 ",97.64%, Supplemental Budget No. 7 
Agricultural & Biosystems Engineering Program,,,,,,,,,,,,,,,,,,,,,,,,,,,
Monthly/quarterly/semestral meetings on Agricultural & Biosystems Engineering (ABE) related PPAs,1000-1-2.1.1,OPG-ABE/OPA, -   ," 94,500.00 ",," 94,500.00 ",,," 94,500.00 "," 94,500.00 ", -   ,," 94,500.00 ",,," 94,500.00 ", -   ," 94,180.00 ", (420.00),," 93,760.00 ",,," 93,760.00 ", 740.00 ,99.22%,
Basic Leadership Skills Training and Technical Skills Training,1000-1-2.1.2,OPG-ABE/OPA, -   ," 78,490.00 ",," 78,490.00 ",,," 78,490.00 "," 78,490.00 ", -   ,," 78,490.00 ",,," 78,490.00 ", -   ," 77,688.00 ", (598.00),," 77,090.00 ",,," 77,090.00 "," 1,400.00 ",98.22%,
Scholarship Grant Program,,,,,,,,,,,,,,,,,,,,,,,,,,,
General Administrative Support for the Scholarship grants and activities,1000-1-3.1,OPGO- Iskolar ng Bataan (INB), -   ," 1,437,755.00 ",," 1,437,755.00 ", -   ,," 1,437,755.00 "," 1,437,755.00 ", -   ,," 1,437,755.00 ", -   ,," 1,437,755.00 ", -   ," 722,852.09 "," 11,115.00 ",," 733,967.09 ", -   ,," 733,967.09 "," 703,787.91 ",51.05%,
Provision of Scholarship for College Students,1000-1-3.2,OPG/INB, -   ," 102,167,000.00 ",," 102,167,000.00 ",,," 102,167,000.00 "," 99,074,000.00 "," 3,093,000.00 ",," 102,167,000.00 ",,," 102,167,000.00 ", -   ," 92,325,000.00 "," 9,043,000.00 ",," 101,368,000.00 ",,," 101,368,000.00 "," 799,000.00 ",99.22%,
Annual financial assistance for board/bar examinees,1000-1-3.3,OPG/INB, -   ," 6,320,000.00 ",," 6,320,000.00 ",,," 6,320,000.00 "," 6,500,000.00 "," (180,000.00)",," 6,320,000.00 ",,," 6,320,000.00 ", -   ," 6,320,000.00 ", -   ,," 6,320,000.00 ",,," 6,320,000.00 ", -   ,100.00%,
Vocational courses scholarship program,1000-1-3.4,OPG/INB, -   ," 1,400,000.00 ",," 1,400,000.00 ",,," 1,400,000.00 "," 1,500,000.00 "," (100,000.00)",," 1,400,000.00 ",,," 1,400,000.00 ", -   ," 1,379,049.20 ", -   ,," 1,379,049.20 ",,," 1,379,049.20 "," 20,950.80 ",98.50%,
Gurong Iskolar ng Bataan program,1000-1-3.5,OPG/INB, -   ," 2,750,000.00 ",," 2,750,000.00 ",,," 2,750,000.00 "," 2,800,000.00 "," (50,000.00)",," 2,750,000.00 ",,," 2,750,000.00 ", -   ," 1,823,500.00 "," 774,400.00 ",," 2,597,900.00 ",,," 2,597,900.00 "," 152,100.00 ",94.47%,
Graduate studies scholarship program,1000-1-3.6,OPG/INB, -   ," 10,000.00 ",," 10,000.00 ",,," 10,000.00 "," 200,000.00 "," (190,000.00)",," 10,000.00 ",,," 10,000.00 ", -   ," 7,200.00 ", -   ,," 7,200.00 ",,," 7,200.00 "," 2,800.00 ",72.00%,
PUP-Mariveles students educational assistance,1000-1-3.7,OPG/INB, -   ," 3,432,000.00 ",," 3,432,000.00 ",,," 3,432,000.00 "," 4,140,000.00 "," (708,000.00)",," 3,432,000.00 ",,," 3,432,000.00 ", -   ," 3,432,000.00 ", -   ,," 3,432,000.00 ",,," 3,432,000.00 ", -   ,100.00%,
"Top 30 Scholars per Municipality, Top 1 scholars per Municipality and Top 1 scholar in the whole province of Bataan",1000-1-3.8,OPG/INB, -   ," 1,865,000.00 ",," 1,865,000.00 ",,," 1,865,000.00 "," 3,730,000.00 "," (1,865,000.00)",," 1,865,000.00 ",,," 1,865,000.00 ", -   ," 1,865,000.00 ", -   ,," 1,865,000.00 ",,," 1,865,000.00 ", -   ,100.00%,
Cashless transaction/refund of scholars,1000-1-3.9,OPG/INB, -   ," 570,000.00 ",," 570,000.00 ",,," 570,000.00 "," 570,000.00 ", -   ,," 570,000.00 ",,," 570,000.00 ", -   , -   , -   ,, -   ,,, -   ," 570,000.00 ",0.00%,
Assembly of All Alumni and Company Stakeholders of Iskolar ng Bataan,1000-1-3.10,OPG/INB, -   ," 90,000.00 ",," 90,000.00 ",,," 90,000.00 "," 90,000.00 ", -   ,," 90,000.00 ",,," 90,000.00 ", -   , -   , -   ,, -   ,,, -   ," 90,000.00 ",0.00%,
Iskolar Graduate to Employment Program,1000-1-3.11,OPG/INB, -   ," 48,000.00 ",," 48,000.00 ",,," 48,000.00 "," 48,000.00 ", -   ,," 48,000.00 ",,," 48,000.00 ", -   ," 44,000.00 ", (395.00),," 43,605.00 ",,," 43,605.00 "," 4,395.00 ",90.84%,
Anti Smoking and Anti Vaping Campaign Initiative,1000-1-3.12,OPG/INB, -   ," 84,100.00 ",," 84,100.00 ",,," 84,100.00 "," 84,100.00 ", -   ,," 84,100.00 ",,," 84,100.00 ", -   , -   , -   ,, -   ,,, -   ," 84,100.00 ",0.00%,
Internal Auditing Program,,,,,,,,,,,,,,,,,,,,,,,,,,,
General Administrative Support for conduct of Internal Audit and Other Audit Functions,1000-1-4.1,OPG-Inter Audit Service (IAS), -   ," 313,275.00 ",," 313,275.00 ",,," 313,275.00 "," 313,275.00 ", -   ,," 313,275.00 ",,," 313,275.00 ", -   ," 199,321.88 ", -   ,," 199,321.88 ",,," 199,321.88 "," 113,953.12 ",63.63%,
Conduct of Internal Audits and Reporting,1000-1-4.2,OPG-IAS, -   ," 5,000.00 ",," 5,000.00 ",,," 5,000.00 "," 5,000.00 ", -   ,," 5,000.00 ",,," 5,000.00 ", -   , -   , -   ,, -   ,,, -   ," 5,000.00 ",0.00%,
Strategic Management Program,,,,,,,,,,,,,,,,,,,,,,,,,,,
General Administrative Support for implementation of Performance Governance System and Strategic Performance Management System,1000-1-5.1,OPG-Office of Strategy Management (OSM), -   ," 292,500.00 ",," 292,500.00 ",,," 292,500.00 "," 292,500.00 ", -   ,," 292,500.00 ",,," 292,500.00 ", -   ," 74,846.00 ", (43.00),," 74,803.00 ",,," 74,803.00 "," 217,697.00 ",25.57%,
Procurement Management Program,,,,,,,,,,,,,,,,,,,,,,,,,,,
General Administrative Support the procurement process and activities,1000-1-6.1,OPG-Procurement Section (PS), -   ," 215,575.00 ",," 215,575.00 ", -   ,," 215,575.00 "," 215,575.00 ", -   ,," 215,575.00 ", -   ,," 215,575.00 ", -   ," 124,480.00 ", -   ,," 124,480.00 ", -   ,," 124,480.00 "," 91,095.00 ",57.74%,
Housing Development Projects,,,,,,,,,,,,,,,,,,,,,,,,,,,
"Construction of Livelihood Center in 1Bataan Village-Orion, Brgy. Daan Pare, Orion, Bataan",6000-1-6.48,OPG, -   , -   ,,, -   ,, -   , -   , -   ,,, -   ,, -   , -   , -   , -   ,,, -   ,, -   , -   ,#DIV/0!, Reverted thru SB No. 4 
"Construction of Material Recovery Facility in 1Bataan Village-Orion, Brgy. Daan Pare, Orion",6000-1-6.55,OPG, -   ," 4,381,318.00 ",,," 4,381,318.00 ",," 4,381,318.00 ", -   , -   ,,, -   ,, -   ," 4,381,318.00 ", -   , -   ,,, -   ,, -   ," 4,381,318.00 ",0.00%,
"Construction of Material Recovery Facility in 1Bataan Village-Balanga, Brgy. Cataning-Tenejero, Balanga City",6000-1-6.56,OPG, -   ," 7,200,000.00 ",,," 7,200,000.00 ",," 7,200,000.00 ", -   , -   ,,, -   ,, -   ," 7,200,000.00 ", -   , -   ,,, -   ,, -   ," 7,200,000.00 ",0.00%,
"Construction of Material Recovery Facility in 1Bataan Village-Pilar, Brgy. Pantingan, Pilar",6000-1-6.57,OPG, -   ," 7,200,000.00 ",,," 7,200,000.00 ",," 7,200,000.00 ", -   , -   ,,, -   ,, -   ," 7,200,000.00 ", -   , -   ,,, -   ,, -   ," 7,200,000.00 ",0.00%,
"Construction of Police and Fire Station in 1Bataan Village-Balanga, Brgy. Cataning-Tenejero, Balanga City",6000-1-6.68,OPG, -   ," 6,400,000.00 ",,," 6,400,000.00 ",," 6,400,000.00 ", -   , -   ,,, -   ,, -   ," 6,400,000.00 ", -   , -   ,,, -   ,, -   ," 6,400,000.00 ",0.00%,
"Construction of Street Lights in 1Bataan Village- Mariveles Heights, Brgy. Cabcaben, Mariveles",6000-1-6.82,OPG, -   , -   ,,, -   ,, -   , -   , -   ,,, -   ,, -   , -   , -   , -   ,,, -   ,, -   , -   ,#DIV/0!, Reverted thru SB No. 3 
"Construction of Street Lights in 1Bataan Village-Orion
Brgy. Daan Pare, Orion",6000-1-6.85,OPG, -   , -   ,,, -   ,, -   , -   , -   ,,, -   ,, -   , -   , -   , -   ,,, -   ,, -   , -   ,#DIV/0!, Reverted thru SB No. 3 
"Installation of Solar Powered and Electric Powered Street Lights in 1Bataan Village-Mariveles Heights, Brgy. Cabcaben, Mariveles",6000-1-6.82,OPG, -   ," 3,500,000.00 ",,," 3,500,000.00 ",," 3,500,000.00 "," 3,500,000.00 ", -   ,,," 3,500,000.00 ",," 3,500,000.00 ", -   ," 3,410,956.45 "," (30,508.57)",,," 3,380,447.88 ",," 3,380,447.88 "," 119,552.12 ",96.58%, Supplemental Budget No. 3 
"Installation of Solar Powered and Electric Powered Street Lights in 1Bataan Village-Orion
Brgy. Daan Pare, Orion",6000-1-6.85,OPG, -   ," 3,500,000.00 ",,," 3,500,000.00 ",," 3,500,000.00 "," 3,500,000.00 ", -   ,,," 3,500,000.00 ",," 3,500,000.00 ", -   ," 3,409,880.57 "," (29,927.55)",,," 3,379,953.02 ",," 3,379,953.02 "," 120,046.98 ",96.57%, Supplemental Budget No. 3 
"Construction of Terminal Hub in 1Bataan Village-Balanga, Brgy. Cataning-Tenejero, Balanga City",6000-1-6.92,OPG, -   ," 5,000,000.00 ",,," 5,000,000.00 ",," 5,000,000.00 ", -   , -   ,,, -   ,, -   ," 5,000,000.00 ", -   , -   ,,, -   ,, -   ," 5,000,000.00 ",0.00%,
"Construction of 1Bataan Fisherman's Wharf in 1Bataan Village-Orion, Brgy. Daan Pare, Orion",6000-1-6.113,OPG, -   , -   ,,, -   ,, -   , -   , -   ,,, -   ,, -   , -   , -   , -   ,,, -   ,, -   , -   ,#DIV/0!, Reverted thru SB No. 2 and 4 
"Installation of Security Cameras (CCTV) in 1Bataan Village- Mariveles Heights, Brgy. Cabcaben, Mariveles",6000-1-6.114,OPG, -   , -   ,,, -   ,, -   , -   , -   ,,, -   ,, -   , -   , -   , -   ,,, -   ,, -   , -   ,#DIV/0!, Reverted thru SB No. 7 
"Installation of Security Cameras (CCTV) in 1Bataan Village-Orion, Brgy. Daan Pare, Orion",6000-1-6.117,OPG, -   , -   ,,, -   ,, -   , -   , -   ,,, -   ,, -   , -   , -   , -   ,,, -   ,, -   , -   ,#DIV/0!, Reverted thru SB No. 7 
"Supply, Delivery and Installation of Closed-Circuit Television at 1Bataan Village-Mariveles Heights, Brgy. Cabcaben, Mariveles, Bataan",6000-1-6.122,, -   ," 4,700,000.00 ",,," 4,700,000.00 ",," 4,700,000.00 "," 4,700,000.00 ", -   ,,," 4,700,000.00 ",," 4,700,000.00 ", -   ," 4,700,000.00 ", -   ,,," 4,700,000.00 ",," 4,700,000.00 ", -   ,100.00%, Supplemental Budget No. 7 
"Supply, Delivery and Installation of Closed-Circuit Television at 1Bataan Village-Orion, Brgy. Daan Pare, Orion, Bataan",6000-1-6.123,, -   ," 4,700,000.00 ",,," 4,700,000.00 ",," 4,700,000.00 "," 4,700,000.00 ", -   ,,," 4,700,000.00 ",," 4,700,000.00 ", -   ," 4,700,000.00 ", -   ,,," 4,700,000.00 ",," 4,700,000.00 ", -   ,100.00%, Supplemental Budget No. 7 
Financial Expenses,,,,,,,,,,,,,,,,,,,,,,,,,,,
"Public Debt - Loan Amortization, Interest Payments, and Other Service Charges",9000-1-1,OPG, -   ," 357,137,000.00 ",,,," 357,137,000.00 "," 357,137,000.00 "," 357,137,000.00 ", -   ,,,," 357,137,000.00 "," 357,137,000.00 ", -   ," 356,309,503.04 "," 89,730.66 ",,,," 356,399,233.70 "," 356,399,233.70 "," 737,766.30 ",99.79%,
Peace and Order Program,,,,,,,,,,,,,,,,,,,,,,,,,,,
"Campaign Against Illegal Drugs
• Intensification of Information Education and Campaign on Enforcement and Operation of Laws/Issuance/Policies",1000-2-1.1,OPG-Provincial Peace and Order Council (PPOC), -   ," 7,200,000.00 ",," 7,200,000.00 ",,," 7,200,000.00 "," 7,200,000.00 ", -   ,," 7,200,000.00 ",,," 7,200,000.00 ", -   ," 4,410,000.00 "," 930,000.00 ",," 5,340,000.00 ",,," 5,340,000.00 "," 1,860,000.00 ",74.17%,
"Campaign Against Illegal Drugs
• Maintenance and Development of Reformation Center",1000-2-1.2,OPG-PPOC, -   ," 300,000.00 ",," 300,000.00 ",,," 300,000.00 "," 300,000.00 ", -   ,," 300,000.00 ",,," 300,000.00 ", -   , -   , -   ,, -   ,,, -   ," 300,000.00 ",0.00%,
"Campaign Against Illegal Drugs
• Provision of equipage and/or Logistic Support to Law Enforcement Agency",1000-2-1.3,OPG-PPOC, -   ," 2,105,000.00 ",," 2,105,000.00 ",,," 2,105,000.00 "," 2,105,000.00 ", -   ,," 2,105,000.00 ",,," 2,105,000.00 ", -   ," 1,426,211.90 "," 125,357.00 ",," 1,551,568.90 ",,," 1,551,568.90 "," 553,431.10 ",73.71%,
"Anti-Criminality Campaign
• Intensify Police Visibility",1000-2-2.1,OPG-PPOC, -   ," 33,000.00 ",,," 33,000.00 ",," 33,000.00 ", -   , -   ,,, -   ,, -   ," 33,000.00 ", -   , -   ,,, -   ,, -   ," 33,000.00 ",0.00%,
"Anti-Criminality Campaign
• Reintegration Programs for Convicts/ Ex-Convicts",1000-2-2.2,OPG-PPOC, -   ," 4,804,800.00 ",," 4,804,800.00 ",,," 4,804,800.00 "," 4,804,800.00 ", -   ,," 4,804,800.00 ",,," 4,804,800.00 ", -   ," 2,614,813.66 "," 53,996.00 ",," 2,668,809.66 ",,," 2,668,809.66 "," 2,135,990.34 ",55.54%,
Campaign Against Wanted Person,1000-2-3,OPG-PPOC, -   ," 1,954,520.00 ",," 1,954,520.00 ",,," 1,954,520.00 "," 1,954,520.00 ", -   ,," 1,954,520.00 ",,," 1,954,520.00 ", -   ," 1,702,000.00 ", -   ,," 1,702,000.00 ",,," 1,702,000.00 "," 252,520.00 ",87.08%,
Campaign Against Illegal Fishing,1000-2-5,OPG-PPOC, -   ," 1,200,000.00 ",," 1,200,000.00 ",,," 1,200,000.00 "," 1,200,000.00 ", -   ,," 1,200,000.00 ",,," 1,200,000.00 ", -   ," 30,000.00 ", -   ,," 30,000.00 ",,," 30,000.00 "," 1,170,000.00 ",2.50%,
Implementation of Public Order and Security Policies,1000-2-8,OPG/ MBDA/ CSIU, -   ," 154,219,320.00 ",," 152,373,320.00 "," 1,846,000.00 ",," 154,219,320.00 "," 153,231,720.00 ", -   ,," 152,373,320.00 "," 858,400.00 ",," 153,231,720.00 "," 987,600.00 "," 135,991,269.22 "," 7,694,483.92 ",," 142,833,753.14 "," 852,000.00 ",," 143,685,753.14 "," 10,533,566.86 ",93.17%,
Procurement of Patrol Motor Vehicle,1000-2-8.2,OPG/MBDA, -   ," 2,041,600.00 ",,," 2,041,600.00 ",," 2,041,600.00 ", -   , -   ,,, -   ,, -   ," 2,041,600.00 ", -   , -   ,,, -   ,, -   ," 2,041,600.00 ",0.00%,
Logistic Support to Law Enforcement Agencies,1000-2-9,OPG, -   ," 8,991,760.00 ",," 8,991,760.00 ",,," 8,991,760.00 "," 8,991,760.00 ", -   ,," 8,991,760.00 ",,," 8,991,760.00 ", -   ," 6,808,312.78 "," 795,194.83 ",," 7,603,507.61 ",,," 7,603,507.61 "," 1,388,252.39 ",84.56%,
Provide secretariat services for POC meetings,1000-2-10,OPG/PPOC, -   ," 150,000.00 ",," 150,000.00 ",,," 150,000.00 "," 150,000.00 ", -   ,," 150,000.00 ",,," 150,000.00 ", -   ," 133,600.00 ", (1.00),," 133,599.00 ",,," 133,599.00 "," 16,401.00 ",89.07%,
Subtotal,,, -   ," 1,718,949,404.30 ",,,,," 1,718,949,404.30 "," 1,547,768,476.30 "," 137,937,410.00 ",, -   ,,," 1,685,705,886.30 "," 33,243,518.00 "," 1,381,258,160.42 "," 228,189,856.41 ",, -   ,,," 1,609,448,016.83 "," 109,501,387.47 ",,
Social and Welfare Development Program,,,,,,,,,,,,,,,,,,,,,,,,,,,
"Donation to constituents for Medical, Burial Hospital and others/Aid  to Individual In Crisis Situation",,,,,,,,,,,,,,,,,,,,,,,,,,,
Children,7000-1-2.1,OPSWDO, -   ," 5,730,250.00 ",," 5,730,250.00 ",,," 5,730,250.00 "," 5,730,250.00 ", -   ,," 5,730,250.00 ",,," 5,730,250.00 ", -   ," 5,222,800.00 "," 273,000.00 ",," 5,495,800.00 ",,," 5,495,800.00 "," 234,450.00 ",95.91%,
Senior Citizen,7000-1-2.2,OPSWDO, -   ," 32,620,000.00 ",," 32,620,000.00 ",,," 32,620,000.00 "," 33,200,000.00 "," (580,000.00)",," 32,620,000.00 ",,," 32,620,000.00 ", -   ," 30,518,142.00 "," 1,699,500.00 ",," 32,217,642.00 ",,," 32,217,642.00 "," 402,358.00 ",98.77%,
Indigenous People,7000-1-2.3,OPSWDO, -   ," 210,000.00 ",," 210,000.00 ",,," 210,000.00 "," 210,000.00 ", -   ,," 210,000.00 ",,," 210,000.00 ", -   ," 162,900.00 "," 6,000.00 ",," 168,900.00 ",,," 168,900.00 "," 41,100.00 ",80.43%,
Persons with Disability,7000-1-2.4,OPSWDO, -   ," 9,034,000.00 ",," 9,034,000.00 ",,," 9,034,000.00 "," 8,400,000.00 "," 634,000.00 ",," 9,034,000.00 ",,," 9,034,000.00 ", -   ," 8,386,126.00 "," 647,800.00 ",," 9,033,926.00 ",,," 9,033,926.00 ", 74.00 ,100.00%,
Women,7000-1-2.5,OPSWDO, -   ," 16,808,000.00 ",," 16,808,000.00 ",,," 16,808,000.00 "," 17,220,000.00 "," (412,000.00)",," 16,808,000.00 ",,," 16,808,000.00 ", -   ," 15,819,505.00 "," 809,200.00 ",," 16,628,705.00 ",,," 16,628,705.00 "," 179,295.00 ",98.93%,
Family Head and other needy adult,7000-1-2.6,OPSWDO, -   ," 13,421,350.00 ",," 13,421,350.00 ",,," 13,421,350.00 "," 13,009,350.00 "," 412,000.00 ",," 13,421,350.00 ",,," 13,421,350.00 ", -   ," 12,579,430.00 "," 767,500.00 ",," 13,346,930.00 ",,," 13,346,930.00 "," 74,420.00 ",99.45%,
Youth,7000-1-2.7,OPSWDO, -   ," 4,340,400.00 ",," 4,340,400.00 ",,," 4,340,400.00 "," 4,340,400.00 ", -   ,," 4,340,400.00 ",,," 4,340,400.00 ", -   ," 4,024,900.00 "," 256,200.00 ",," 4,281,100.00 ",,," 4,281,100.00 "," 59,300.00 ",98.63%,
Others,7000-1-2.8,OPSWDO, -   ," 750,000.00 ",," 750,000.00 ",,," 750,000.00 "," 750,000.00 ", -   ,," 750,000.00 ",,," 750,000.00 ", -   ," 750,000.00 "," (750,000.00)",, -   ,,, -   ," 750,000.00 ",0.00%,
"Provision of Protective and developmental services to poor, vulnerable and marginalized sector of the Province",,,,,,,,,,,,,,,,,,,,,,,,,,,
Children Welfare Program,7000-1-3.1,OPSWDO, -   ," 1,391,919.00 ",," 1,391,919.00 ",,," 1,391,919.00 "," 1,391,919.00 ", -   ,," 1,391,919.00 ",,," 1,391,919.00 ", -   ," 1,271,817.00 "," (2,887.00)",," 1,268,930.00 ",,," 1,268,930.00 "," 122,989.00 ",91.16%,
Youth Welfare Program,7000-1-3.2,OPSWDO, -   ," 162,560.00 ",," 162,560.00 ",,," 162,560.00 "," 162,560.00 ", -   ,," 162,560.00 ",,," 162,560.00 ", -   ," 142,560.00 ", -   ,," 142,560.00 ",,," 142,560.00 "," 20,000.00 ",87.70%,
Women Welfare Program ,7000-1-3.3,OPSWDO, -   ," 346,899.00 ",," 346,899.00 ",,," 346,899.00 "," 346,514.00 ", 385.00 ,," 346,899.00 ",,," 346,899.00 ", -   ," 315,066.00 "," 5,640.00 ",," 320,706.00 ",,," 320,706.00 "," 26,193.00 ",92.45%,
Elderly Welfare Program,7000-1-3.4,OPSWDO, -   ," 284,360.00 ",," 284,360.00 ",,," 284,360.00 "," 284,360.00 ", -   ,," 284,360.00 ",,," 284,360.00 ", -   ," 236,396.00 ", (663.00),," 235,733.00 ",,," 235,733.00 "," 48,627.00 ",82.90%,
Person With Disability Welfare Program,7000-1-3.5,OPSWDO, -   ," 405,300.00 ",," 405,300.00 ",,," 405,300.00 "," 405,300.00 ", -   ,," 405,300.00 ",,," 405,300.00 ", -   ," 298,797.00 "," 21,580.00 ",," 320,377.00 ",,," 320,377.00 "," 84,923.00 ",79.05%,
Solo Parent Welfare Program,7000-1-3.6,OPSWDO, -   ," 454,700.00 ",," 454,700.00 ",,," 454,700.00 "," 454,700.00 ", -   ,," 454,700.00 ",,," 454,700.00 ", -   ," 408,760.00 ", (392.00),," 408,368.00 ",,," 408,368.00 "," 46,332.00 ",89.81%,
Indigenous Peoples Welfare Program,7000-1-3.7,OPSWDO, -   ," 223,000.00 ",," 223,000.00 ",,," 223,000.00 "," 223,000.00 ", -   ,," 223,000.00 ",,," 223,000.00 ", -   ," 170,659.00 ", 390.00 ,," 171,049.00 ",,," 171,049.00 "," 51,951.00 ",76.70%,
Operation and Management of Bataan Bahay Panuluyan Drop-In Center,7000-1-4,OPSWDO, -   ," 54,000.00 ",," 54,000.00 ",,," 54,000.00 "," 108,000.00 "," (54,000.00)",," 54,000.00 ",,," 54,000.00 ", -   ," 54,000.00 "," (44,793.00)",," 9,207.00 ",,," 9,207.00 "," 44,793.00 ",17.05%,
Libreng Libing Program,7000-1-5,OPSWDO, -   ," 19,265,000.00 ",," 19,265,000.00 ",,," 19,265,000.00 "," 16,265,000.00 "," 3,000,000.00 ",," 19,265,000.00 ",,," 19,265,000.00 ", -   ," 15,118,000.00 "," 4,136,000.00 ",," 19,254,000.00 ",,," 19,254,000.00 "," 11,000.00 ",99.94%,
Rice Subsidy Program,,,,,,,,,,,,,,,,,,,,,,,,,,,
Senior Citizens and Veterans,7000-1-6.1,OPSWDO, -   ," 2,417,500.00 ",," 2,417,500.00 ",,," 2,417,500.00 "," 2,417,500.00 ", -   ,," 2,417,500.00 ",,," 2,417,500.00 ", -   ," 2,417,500.00 ", -   ,," 2,417,500.00 ",,," 2,417,500.00 ", -   ,100.00%,
"Day Care Workers, Tribal Health Workers, Barangay Health Workers, Barangay Nutrition Scholars",7000-1-6.2,OPSWDO, -   ," 6,889,500.00 ",," 6,889,500.00 ",,," 6,889,500.00 "," 6,889,500.00 ", -   ,," 6,889,500.00 ",,," 6,889,500.00 ", -   ," 6,889,500.00 ", -   ,," 6,889,500.00 ",,," 6,889,500.00 ", -   ,100.00%,
Punong Barangay and Barangay Tanods,7000-1-6.3,OPSWDO, -   ," 18,409,500.00 ",," 18,409,500.00 ",,," 18,409,500.00 "," 18,409,500.00 ", -   ,," 18,409,500.00 ",,," 18,409,500.00 ", -   ," 18,409,500.00 ", -   ,," 18,409,500.00 ",,," 18,409,500.00 ", -   ,100.00%,
Others,7000-1-6.4,OPSWDO, -   ," 7,018,500.00 ",," 7,018,500.00 ",,," 7,018,500.00 "," 7,018,500.00 ", -   ,," 7,018,500.00 ",,," 7,018,500.00 ", -   ," 7,018,500.00 ", -   ,," 7,018,500.00 ",,," 7,018,500.00 ", -   ,100.00%,
Subtotal,,, -   ," 140,236,738.00 ",,,,," 140,236,738.00 "," 154,384,441.00 "," 3,000,385.00 ",,,,," 140,236,738.00 ", -   ," 145,590,917.95 "," 7,824,075.00 ",,,,," 138,038,933.00 "," 2,197,805.00 ",,
20% DEVELOPMENT FUND,,,,,,,,,,,,,,,,,,,,,,,,,,,
Social Development,,,,,,,,,,,,,,,,,,,,,,,,,,,
Procurement of Water and Clinical Laboratory Equipment,4000-1-2.1.1,PHO, -   ," 4,900,000.00 ",,," 4,900,000.00 ",," 4,900,000.00 "," 4,900,000.00 ", -   ,,," 4,900,000.00 ",," 4,900,000.00 ", -   ," 4,900,000.00 "," (53,000.00)",,," 4,847,000.00 ",," 4,847,000.00 "," 53,000.00 ",98.92%,
"Sewerage Treatment Plant,  Orani District Hospital",4000-2-2.2.1,ODH, -   , -   ,,, -   ,, -   , -   , -   ,,, -   ,, -   , -   , -   , -   ,,, -   ,, -   , -   ,#DIV/0!, Reverted thru SB No. 4 
"Construction of Waste Segregation Area, Orani District Hospital",4000-2-2.2.2,ODH, -   , -   ,,, -   ,, -   , -   , -   ,,, -   ,, -   , -   , -   , -   ,,, -   ,, -   , -   ,#DIV/0!, Reverted thru SB No. 4 
"Extension of Primary Line, Orani District Hospital, 1Bataan Command Center, Brgy. Doña, Orani, Bataan",4000-2-2.2.6,ODH, -   ," 407,577.22 ",," 407,577.22 ",,," 407,577.22 "," 407,577.22 ", -   ,," 407,577.22 ",,," 407,577.22 ", -   ," 407,577.22 ", -   ,," 407,577.22 ",,," 407,577.22 ", -   ,100.00%, Supplemental Budget No. 1 
"Improvement of Various Hospital Facilities, Orani District Hospital, 1Bataan Command Center, Brgy. Doña, Orani, Bataan",4000-2-2.2.4,ODH, -   ," 12,258,870.75 ",," 12,258,870.75 ",,," 12,258,870.75 "," 12,258,870.75 ", -   ,," 12,258,870.75 ",,," 12,258,870.75 ", -   ," 12,228,834.23 ", -   ,," 12,228,834.23 ",,," 12,228,834.23 "," 30,036.52 ",99.75%, Supplemental Budget No. 1 
"Purchase and Installation of three (3) 167 KVA Transformer, Orani District Hospital, 1Bataan Command Center, Brgy. Doña, Orani, Bataan",4000-2-2.2.5,ODH, -   ," 2,387,878.48 ",,," 2,387,878.48 ",," 2,387,878.48 "," 2,387,878.48 ", -   ,,," 2,387,878.48 ",," 2,387,878.48 ", -   ," 2,387,878.48 ", -   ,,," 2,387,878.48 ",," 2,387,878.48 ", -   ,100.00%, Supplemental Budget No. 1 
Procurement of various medical equipment,4000-2-2.1.2,ODH, -   ," 2,600,000.00 ",,," 2,600,000.00 ",," 2,600,000.00 "," 2,600,000.00 ", -   ,,," 2,600,000.00 ",," 2,600,000.00 ", -   ," 1,650,000.00 "," (15,000.00)",,," 1,635,000.00 ",," 1,635,000.00 "," 965,000.00 ",62.88%, Supplemental Budget No. 3 
Procurement of Type II Ambulance,4000-2-2.1.1,ODH, -   ," 2,400,000.00 ",,," 2,400,000.00 ",," 2,400,000.00 "," 2,400,000.00 ", -   ,,," 2,400,000.00 ",," 2,400,000.00 ", -   ," 2,400,000.00 "," (5,000.00)",,," 2,395,000.00 ",," 2,395,000.00 "," 5,000.00 ",99.79%, Supplemental Budget No. 3 
Procurement of Server Unit to be used for the Integrated Hospital Operations and Management Information System of Orani District Hospital,4000-2-2.1.3,ODH, -   ," 988,175.16 ",,," 988,175.16 ",," 988,175.16 "," 988,175.16 ", -   ,,," 988,175.16 ",," 988,175.16 ", -   ," 988,175.16 ", -   ,,," 988,175.16 ",," 988,175.16 ", -   ,100.00%, Supplemental Budget No. 3 
Construction of Imaging building and laboratory at Jose C. Payumo Jr. Memorial Hospital ,4000-3-2.1.6,JCPMH, -   , -   ,,, -   ,, -   , -   , -   ,,, -   ,, -   , -   , -   , -   ,,, -   ,, -   , -   ,#DIV/0!, Reverted thru SB No. 4 
Rehabilitation/Improvement of Various Hospital Facilities at Jose C. Payumo Jr. Memorial Hospital,4000-3-2.1.9,JCPMH, -   ," 4,500,000.00 ",," 4,500,000.00 ",,," 4,500,000.00 "," 4,500,000.00 ", -   ,," 4,500,000.00 ",,," 4,500,000.00 ", -   ," 4,384,611.64 "," (4,384,611.64)",, -   ,,, -   ," 4,500,000.00 ",0.00%, Supplemental Budget No. 1 
Procurement of various supplies and medical equipment at Jose C. Payumo Jr. Memorial Hospital,4000-3-2.1.10,JCPMH, -   ," 5,976,938.00 ",,," 5,976,938.00 ",," 5,976,938.00 "," 5,976,938.00 ", -   ,,," 5,976,938.00 ",," 5,976,938.00 ", -   ," 5,976,938.00 ", -   ,,," 5,976,938.00 ",," 5,976,938.00 ", -   ,100.00%, Supplemental Budget No. 1 
Purchase of Lot for Relocation of Bagac Community and Medicare Hospital,4000-4-2.1.1,BCMH, -   , -   ,,, -   ,, -   , -   , -   ,,, -   ,, -   , -   , -   , -   ,,, -   ,, -   , -   ,#DIV/0!, Reverted thru SB No. 4 
Rehabilitation of all pipes of the old MDH building,4000-5-2.1.4,MDH, -   , -   ,, -   ,,, -   , -   , -   ,, -   ,,, -   , -   , -   , -   ,, -   ,,, -   , -   ,#DIV/0!, Reverted thru SB No. 4 
Transfer of Staff House from field TTMF to main MDH,4000-5-2.1.6,MDH, -   , -   ,,, -   ,, -   , -   , -   ,,, -   ,, -   , -   , -   , -   ,,, -   ,, -   , -   ,#DIV/0!, Reverted thru SB No. 4 
Installation of Sprinkler system and fire/smoke detection system ,4000-5-2.1.7,MDH, -   , -   ,,, -   ,, -   , -   , -   ,,, -   ,, -   , -   , -   , -   ,,, -   ,, -   , -   ,#DIV/0!, Reverted thru SB No. 4 
"Rehabilitation of Covered Court, Brgy. Camachile, Orion, Bataan",8000-5-2.1.52,OPE, -   ," 4,857,775.74 ",," 4,857,775.74 ",,," 4,857,775.74 "," 4,857,775.74 ", -   ,," 4,857,775.74 ",,," 4,857,775.74 ", -   ," 4,857,775.74 ", -   ,," 4,857,775.74 ",,," 4,857,775.74 ", -   ,100.00%,
"Rehab/ Improvement of  Covered Court, Brgy. Townsite, Mariveles, Bataan",8000-5-2.1.113,OPE, -   ," 4,856,495.78 ",," 4,856,495.78 ",,," 4,856,495.78 "," 4,856,495.78 ", -   ,," 4,856,495.78 ",,," 4,856,495.78 ", -   ," 4,856,495.78 ", -   ,," 4,856,495.78 ",,," 4,856,495.78 ", -   ,100.00%,
"Rehab/ Improvement of Multi-Purpose Building, Brgy. Binukawan, Bagac, Bataan",8000-5-2.1.43,OPE, -   , -   ,, -   ,,, -   , -   , -   ,, -   ,,, -   , -   , -   , -   ,, -   ,,, -   , -   ,#DIV/0!, Reverted thru SB No. 4 
"Improvement of Multi-Purpose Building, Brgy. San Vicente, Orion, Bataan",8000-5-2.1.36,OPE, -   , -   ,, -   ,,, -   , -   , -   ,, -   ,,, -   , -   , -   , -   ,, -   ,,, -   , -   ,#DIV/0!, Reverted thru SB No. 1 
"Rehabilitation of Street Lights, Brgy. Sumalo, Hermosa, Bataan",8000-5-2.1.23,OPE, -   , -   ,, -   ,,, -   , -   , -   ,, -   ,,, -   , -   , -   , -   ,, -   ,,, -   , -   ,#DIV/0!, Reverted thru SB No. 1 
"Purchase of Lot, Brgy. Reformista, Limay, Bataan",8000-5-2.1.151,OPE, -   , -   ,,, -   ,, -   , -   , -   ,,, -   ,, -   , -   , -   , -   ,,, -   ,, -   , -   ,#DIV/0!, Reverted thru SB No. 1 
"Construction of Water System, Brgy. San Isidro, Dinalupihan, Bataan",8000-5-2.1.138,OPE, -   , -   ,,, -   ,, -   , -   , -   ,,, -   ,, -   , -   , -   , -   ,,, -   ,, -   , -   ,#DIV/0!, Reverted thru SB No. 1 
"Installation of Streetlights, Brgy. Alas-asin, Mariveles, Bataan",8000-5-2.1.54,OPE, -   , -   ,,, -   ,, -   , -   , -   ,,, -   ,, -   , -   , -   , -   ,,, -   ,, -   , -   ,#DIV/0!, Reverted thru SB No. 1 
"Construction of Solar Powered Streetlights, Brgy. Baseco, Mariveles, Bataan",8000-5-2.1.152,OPE, -   , -   ,,, -   ,, -   , -   , -   ,,, -   ,, -   , -   , -   , -   ,,, -   ,, -   , -   ,#DIV/0!, Reverted thru SB No. 1 
"Construction of Health Center, Brgy. Kataasan, Dinalupihan, Bataan",8000-5-2.1.44,OPE, -   , -   ,,, -   ,, -   , -   , -   ,,, -   ,, -   , -   , -   , -   ,,, -   ,, -   , -   ,#DIV/0!, Reverted thru SB No. 1 
"Construction of SK Building, Brgy. Bo. Luz, Limay, Bataan",8000-5-2.1.172,OPE, -   , -   ,,, -   ,, -   , -   , -   ,,, -   ,, -   , -   , -   , -   ,,, -   ,, -   , -   ,#DIV/0!, Reverted thru SB No. 1 
"Construction of Two (2) Storey Multi-purpose Building, Brgy. East Calaguiman, Samal, Bataan",8000-5-2.1.74,OPE, -   , -   ,,, -   ,, -   , -   , -   ,,, -   ,, -   , -   , -   , -   ,,, -   ,, -   , -   ,#DIV/0!, Reverted thru SB No. 4 
"Construction of Multi-Purpose Covered Court, Brgy. Bagumbayan, Pilar, Bataan",8000-5-2.1.115,OPE, -   ," 8,719,173.76 ",,," 8,719,173.76 ",," 8,719,173.76 "," 8,719,173.76 ", -   ,,," 8,719,173.76 ",," 8,719,173.76 ", -   ," 8,719,173.76 ", -   ,,," 8,719,173.76 ",," 8,719,173.76 ", -   ,100.00%,
"Construction of Second Floor of Multi-Purpose Building, Brgy. St. Francis I, Limay, Bataan",8000-5-2.1.136,OPE, -   ," 2,594,540.45 ",,," 2,594,540.45 ",," 2,594,540.45 "," 2,594,540.45 ", -   ,,," 2,594,540.45 ",," 2,594,540.45 ", -   ," 2,594,540.45 "," (10,101.05)",,," 2,584,439.40 ",," 2,584,439.40 "," 10,101.05 ",99.61%,
"Construction of Two (2) Storey Multi-Purpose Building, Brgy. Cupang North, Balanga City, Bataan",8000-5-2.1.144,OPE, -   ," 3,793,131.48 ",,," 3,793,131.48 ",," 3,793,131.48 "," 3,793,131.48 ", -   ,,," 3,793,131.48 ",," 3,793,131.48 ", -   ," 3,793,131.48 ", -   ,,," 3,793,131.48 ",," 3,793,131.48 ", -   ,100.00%,
"Construction of Two (2) Storey Multi Purpose Building, Brgy. Biaan, Mariveles, Bataan",8000-5-2.1.154,OPE, -   ," 6,044,659.31 ",,," 6,044,659.31 ",," 6,044,659.31 "," 6,044,659.31 ", -   ,,," 6,044,659.31 ",," 6,044,659.31 ", -   ," 6,044,659.31 "," (15,770.43)",,," 6,028,888.88 ",," 6,028,888.88 "," 15,770.43 ",99.74%,
"Construction of Multi-Purpose Hall, Brgy. East Daan Bago, Samal, Bataan",8000-5-2.1.40,OPE, -   , -   ,,, -   ,, -   , -   , -   ,,, -   ,, -   , -   , -   , -   ,,, -   ,, -   , -   ,#DIV/0!, Reverted thru SB No. 1 
"Construction of Two(2) Storey Multi-Purpose Building, Brgy. Quinawan, Bagac, Bataan",8000-5-2.1.22,OPE, -   ," 7,857,034.76 ",,," 7,857,034.76 ",," 7,857,034.76 "," 7,857,034.76 ", -   ,,," 7,857,034.76 ",," 7,857,034.76 ", -   ," 7,857,034.76 ", -   ,,," 7,857,034.76 ",," 7,857,034.76 ", -   ,100.00%,
"Purchase of Lot for the Construction of Multi-Purpose Building, Brgy. San Roque, Samal, Bataan",8000-5-2.1.175,OPE, -   ," 2,000,000.00 ",,," 2,000,000.00 ",," 2,000,000.00 "," 2,000,000.00 ", -   ,,," 2,000,000.00 ",," 2,000,000.00 ", -   , -   , -   ,,, -   ,, -   ," 2,000,000.00 ",0.00%, Supplemental Budget No. 1 
"Purchase of Lot for the Construction of Multi-Purpose Building, Brgy. San Roque, Samal, Bataan",8000-5-2.1.176,OPE, -   ," 3,000,000.00 ",,," 3,000,000.00 ",," 3,000,000.00 "," 3,000,000.00 ", -   ,,," 3,000,000.00 ",," 3,000,000.00 ", -   , -   , -   ,,, -   ,, -   ," 3,000,000.00 ",0.00%, Supplemental Budget No. 1 
"Construction of Concrete Pedestal and Installation of Solar Streetlights, Brgy. Wakas North, Pilar, Bataan ",8000-5-2.1.177,OPE, -   ," 1,921,751.15 ",,," 1,921,751.15 ",," 1,921,751.15 "," 1,921,751.15 ", -   ,,," 1,921,751.15 ",," 1,921,751.15 ", -   ," 1,921,751.15 ", -   ,,," 1,921,751.15 ",," 1,921,751.15 ", -   ,100.00%, Supplemental Budget No. 1 
"Construction of Senior Citizen Building, Brgy. Apollo, Orani, Bataan",8000-5-2.1.178,OPE, -   ," 2,924,368.00 ",,," 2,924,368.00 ",," 2,924,368.00 "," 2,924,368.00 ", -   ,,," 2,924,368.00 ",," 2,924,368.00 ", -   ," 2,924,368.00 "," (27,180.56)",,," 2,897,187.44 ",," 2,897,187.44 "," 27,180.56 ",99.07%, Supplemental Budget No. 1 
"Installation of Distribution Pipelines, Brgy. Palili, Samal, Bataan",8000-5-2.1.179,OPE, -   ," 1,450,534.44 ",,," 1,450,534.44 ",," 1,450,534.44 "," 1,450,534.44 ", -   ,,," 1,450,534.44 ",," 1,450,534.44 ", -   ," 1,450,534.44 ", -   ,,," 1,450,534.44 ",," 1,450,534.44 ", -   ,100.00%, Supplemental Budget No. 1 
"Installation of Distribution Pipelines, Brgy. Tala, Orani, Bataan",8000-5-2.1.180,OPE, -   ," 2,893,890.00 ",,," 2,893,890.00 ",," 2,893,890.00 "," 2,893,890.00 ", -   ,,," 2,893,890.00 ",," 2,893,890.00 ", -   ," 2,893,890.00 ", -   ,,," 2,893,890.00 ",," 2,893,890.00 ", -   ,100.00%, Supplemental Budget No. 1 
"Construction of Concrete Pedestal and Installation of Solar Streetlights, Brgy. Sumalo, Hermosa, Bataan ",8000-5-2.1.181,OPE, -   ," 1,921,878.72 ",,," 1,921,878.72 ",," 1,921,878.72 "," 1,921,878.72 ", -   ,,," 1,921,878.72 ",," 1,921,878.72 ", -   ," 1,921,878.72 ", -   ,,," 1,921,878.72 ",," 1,921,878.72 ", -   ,100.00%, Supplemental Budget No. 1 
"Constuction of Multi-Purpose Hall, Brgy.Camacho, Balanga City, Bataan",8000-5-2.1.182,OPE, -   ," 1,365,880.26 ",,," 1,365,880.26 ",," 1,365,880.26 "," 1,365,880.26 ", -   ,,," 1,365,880.26 ",," 1,365,880.26 ", -   ," 1,345,936.91 ", -   ,,," 1,345,936.91 ",," 1,345,936.91 "," 19,943.35 ",98.54%, Supplemental Budget No. 1 
"Renovation of Liwasang Balagtas, Brgy. San Vicente, Orion, Bataan",8000-5-2.1.183,OPE, -   ," 14,593,599.91 ",,," 14,593,599.91 ",," 14,593,599.91 "," 14,593,599.91 ", -   ,,," 14,593,599.91 ",," 14,593,599.91 ", -   ," 14,593,599.91 "," (34,529.53)",,," 14,559,070.38 ",," 14,559,070.38 "," 34,529.53 ",99.76%, Supplemental Budget No. 1 
"Construction of Two(2) Storey Flea Market, Brgy. Cupang Proper, Balanga City, Bataan",8000-5-2.1.145,OPE, -   , -   ,,, -   ,, -   , -   , -   ,,, -   ,, -   , -   , -   , -   ,,, -   ,, -   , -   ,#DIV/0!, Supplemental Budget No. 1 
"Conversion and Fit-out of Old PHO Building into Patient Companion Support Center and Public Health Support Facilities at Bataan General Hospital and Medical Center, Balanga City, Bataan",8000-5-2.1.184,OPE, -   , -   ,,, -   ,, -   , -   , -   ,,, -   ,, -   , -   , -   , -   ,,, -   ,, -   , -   ,#DIV/0!, Supplemental Budget No. 4/Reverted thru SB no. 8 
Subtotal,,, -   ," 107,214,153.37 ",,,,," 107,214,153.37 "," 107,214,153.37 ", -   ,,,,," 107,214,153.37 ", -   ," 101,098,785.14 "," (4,545,193.21)",,,,," 96,553,591.93 "," 10,660,561.44 ",,
Economic Development,,,,,,,,,,,,,,,,,,,,,,,,,,,
Local Development Projects - Public Debt,9000-1-2,OPGO, -   ," 154,969,168.20 ",,,," 154,969,168.20 "," 154,969,168.20 "," 154,969,168.00 ", 0.20 ,,,," 154,969,168.20 "," 154,969,168.20 ", -   ," 127,872,003.90 "," 25,458,313.13 ",,,," 153,330,317.03 "," 153,330,317.03 "," 1,638,851.17 ",98.94%,
"Purchase of Agricultural Production and Postharvest Machineries & Equipment for Different Banner Programs (Rice, Corn & Cassava, High Value Crops Development and Organic Agriculture) in Bataan",1000-1-2.2.1,OPG-ABE/OPA, -   ," 4,975,500.00 ",," 1,005,950.00 "," 3,969,550.00 ",," 4,975,500.00 "," 4,975,500.00 ", -   ,," 1,005,950.00 "," 3,969,550.00 ",," 4,975,500.00 ", -   ," 4,975,500.00 "," (2,200.00)",," 1,005,950.00 "," 3,967,350.00 ",," 4,973,300.00 "," 2,200.00 ",99.96%,
"Construction of Warehouse for Mechanical Dryers and Milled Rice for Rice Processing System II in Palayan ng Bayan, Brgy. Pantingan, Pilar, Bataan",1000-1-2.2.3,OPG-ABE, -   ," 17,730,000.00 ",,," 17,730,000.00 ",," 17,730,000.00 "," 17,730,000.00 ", -   ,,," 17,730,000.00 ",," 17,730,000.00 ", -   ," 17,253,026.18 "," (52,375.54)",,," 17,200,650.64 ",," 17,200,650.64 "," 529,349.36 ",97.01%,
"Construction of Storage Facility in Palayan ng Bayan, Brgy. Pantingan, Pilar, Bataan ",1000-1-2.2.4,OPG-ABE, -   ," 4,844,514.80 ",,," 4,844,514.80 ",," 4,844,514.80 "," 4,844,514.80 ", -   ,,," 4,844,514.80 ",," 4,844,514.80 ", -   ," 4,844,514.80 ", -   ,,," 4,844,514.80 ",," 4,844,514.80 ", -   ,100.00%,
Construction of Public Restrooms in accordance to Bataan CR Revolution,8000-1-2.1.1,OPTO, -   , -   ,,, -   ,, -   , -   , -   ,,, -   ,, -   , -   , -   , -   ,,, -   ,, -   , -   ,#DIV/0!, Reverted thru SB no. 7 
Installation of Solar Lights  at Bataan Tourism Park,8000-1-2.1.2,OPTO, -   ," 1,879,928.11 ",,," 1,879,928.11 ",," 1,879,928.11 "," 1,879,928.11 ", -   ,,," 1,879,928.11 ",," 1,879,928.11 ", -   ," 1,879,928.11 ", -   ,,," 1,879,928.11 ",," 1,879,928.11 ", -   ,100.00%,
"Improvement of Tourism Park, Bataan Tourism Center, Balanga City, Bataan",8000-1-2.1.3,OPTO, -   ," 7,977,675.11 ",,," 7,977,675.11 ",," 7,977,675.11 "," 7,977,675.11 ", -   ,,," 7,977,675.11 ",," 7,977,675.11 ", -   ," 7,977,675.11 "," (13,697.67)",,," 7,963,977.44 ",," 7,963,977.44 "," 13,697.67 ",99.83%, Supplemental Budget No. 1 
"Construction of Smart Public Toilet with an Outpost and Landscaping in Brgy. Mulawin, Orani, Bataan",8000-1-2.1.4,OPTO, -   ," 6,500,000.00 ",,," 6,500,000.00 ",," 6,500,000.00 "," 6,500,000.00 ", -   ,,," 6,500,000.00 ",," 6,500,000.00 ", -   ," 6,333,731.11 "," (49,473.06)",,," 6,284,258.05 ",," 6,284,258.05 "," 215,741.95 ",96.68%, Supplemental Budget No. 7 
"Production and Maintenance of Provincial Tilapia Hatchery in Brgy. Pantingan, Pilar, Bataan",8000-2-2.1.1,OPA, -   ," 486,740.00 ",," 486,740.00 ",,," 486,740.00 "," 486,740.00 ", -   ,," 486,740.00 ",,," 486,740.00 ", -   ," 486,740.00 ", -   ,," 486,740.00 ",,," 486,740.00 ", -   ,100.00%,
Development of High Value Crop Production in Bataan,8000-2-2.1.2,OPA, -   ," 1,500,000.00 ",," 1,500,000.00 ",,," 1,500,000.00 "," 1,500,000.00 ", -   ,," 1,500,000.00 ",,," 1,500,000.00 ", -   ," 1,497,030.00 ", -   ,," 1,497,030.00 ",,," 1,497,030.00 "," 2,970.00 ",99.80%,
Provision of Milkfish Fingerlings to Brackishwater Fishpond Operators of Bataan,8000-2-2.1.5,OPA,," 2,859,000.00 ",," 2,859,000.00 ",,," 2,859,000.00 "," 2,859,000.00 ", -   ,," 2,859,000.00 ",,," 2,859,000.00 ", -   ," 2,856,000.00 "," (2,856,000.00)",, -   ,,, -   ," 2,859,000.00 ",0.00%,
Provision of Smokehouse and Pressure Canner to Fisherfolk Cooperatives and/or Associations in Bataan,8000-2-2.1.4,OPA, -   ," 202,500.00 ",," 202,500.00 ",,," 202,500.00 "," 202,500.00 ", -   ,," 202,500.00 ",,," 202,500.00 ", -   ," 202,500.00 ", -   ,," 202,500.00 ",,," 202,500.00 ", -   ,100.00%,
Provision of Fishing Gears to Fisherfolk in Bataan,8000-2-2.1.3,OPA, -   ," 710,400.00 ",," 710,400.00 ",,," 710,400.00 "," 710,400.00 ", -   ,," 710,400.00 ",,," 710,400.00 ", -   ," 710,400.00 ", -   ,," 710,400.00 ",,," 710,400.00 ", -   ,100.00%,
Input Assistance to Brackishwater Fishpond Operators of Bataan,8000-2-2.1.6,OPA, -   ," 2,876,468.00 ",," 2,876,468.00 ",,," 2,876,468.00 "," 2,876,468.00 ", -   ,," 2,876,468.00 ",,," 2,876,468.00 ", -   ," 2,876,468.00 ", -   ,," 2,876,468.00 ",,," 2,876,468.00 ", -   ,100.00%,
"Bangus Marine Cage Culture in Sitio Minanga, Brgy. Mabayo, Morong, Bataan",8000-2-2.1.8,OPA, -   ," 538,450.00 ",," 538,450.00 ",,," 538,450.00 "," 538,450.00 ", -   ,," 538,450.00 ",,," 538,450.00 ", -   ," 538,450.00 ", -   ,," 538,450.00 ",,," 538,450.00 ", -   ,100.00%,
Sustainable Cattle Development Project,8000-3-2.1.1,OPV, -   , -   ,, -   , -   ,, -   , 0.20 , (0.20),, -   , -   ,, -   , -   , -   , -   ,, -   , -   ,, -   , -   ,#DIV/0!, Reverted thru SB No. 4 
Animal Dispersal to Qualified Farmers,8000-3-2.1.2,OPV, -   , -   ,, -   ,,, -   , -   , -   ,, -   ,,, -   , -   , -   , -   ,, -   ,,, -   , -   ,#DIV/0!, Reverted thru SB No. 4 
Advancement of 1Btaan Mobile Veterinary Clinic,8000-3-2.1.4,OPV, -   ," 3,500,000.00 ",," 620,200.00 "," 2,879,800.00 ",," 3,500,000.00 "," 3,500,000.00 ", -   ,," 620,200.00 "," 2,879,800.00 ",," 3,500,000.00 ", -   ," 3,500,000.00 "," (5,475.00)",," 614,725.00 "," 2,879,800.00 ",," 3,494,525.00 "," 5,475.00 ",99.84%, Supplemental Budget No. 4 
"Re-blocking of Road, Brgy. Dalao, Dinalupihan, Bataan",8000-5-2.2.15,OPE, -   ," 1,952,916.81 ",," 1,952,916.81 ",,," 1,952,916.81 "," 1,952,916.81 ", -   ,," 1,952,916.81 ",,," 1,952,916.81 ", -   ," 1,952,916.81 "," (1,952,916.81)",, -   ,,, -   ," 1,952,916.81 ",0.00%,
"Re-elevation of Road, Brgy. Naparing, Dinalupihan, Bataan",8000-5-2.2.39,OPE, -   ," 5,562,649.93 ",," 5,562,649.93 ",,," 5,562,649.93 "," 5,562,649.93 ", -   ,," 5,562,649.93 ",,," 5,562,649.93 ", -   ," 5,548,888.88 ", -   ,," 5,548,888.88 ",,," 5,548,888.88 "," 13,761.05 ",99.75%,
"Rehabilitation/ Asphalting of roads at Brgy. Calungusan, Orion, Bataan",8000-5-2.2.72,OPE, -   , -   ,, -   ,,, -   , -   , -   ,, -   ,,, -   , -   , -   , -   ,, -   ,,, -   , -   ,#DIV/0!, Reverted thru SB No. 1 
"Rehabilitation of Road, Brgy. San Carlos, Mariveles, Bataan",8000-5-2.2.134,OPE, -   , -   ,, -   ,,, -   , -   , -   ,, -   ,,, -   , -   , -   , -   ,, -   ,,, -   , -   ,#DIV/0!, Reverted thru SB No. 1 
"Re-blocking of Road, Brgy. Bayan, Orani, Bataan",8000-5-2.2.43,OPE, -   ," 1,936,850.73 ",," 1,936,850.73 ",,," 1,936,850.73 "," 1,936,850.73 ", -   ,," 1,936,850.73 ",,," 1,936,850.73 ", -   ," 1,936,850.73 ", -   ,," 1,936,850.73 ",,," 1,936,850.73 ", -   ,100.00%,
"Re-elevation of Road, Brgy. Salian, Abucay, Bataan",8000-5-2.2.73,OPE, -   ," 1,928,498.72 ",," 1,928,498.72 ",,," 1,928,498.72 "," 1,928,498.72 ", -   ,," 1,928,498.72 ",,," 1,928,498.72 ", -   ," 1,928,498.72 ", -   ,," 1,928,498.72 ",,," 1,928,498.72 ", -   ,100.00%,
"Re-elevation of Road, Brgy. Wawa, Abucay, Bataan",8000-5-2.2.21,OPE, -   ," 1,940,292.24 ",," 1,940,292.24 ",,," 1,940,292.24 "," 1,940,292.24 ", -   ,," 1,940,292.24 ",,," 1,940,292.24 ", -   ," 1,940,292.24 ", -   ,," 1,940,292.24 ",,," 1,940,292.24 ", -   ,100.00%,
"Construction of Foot Bridge, Brgy. Bantan Munti, Pilar, Bataan",8000-5-2.2.70,OPE, -   ," 2,806,991.22 ",,," 2,806,991.22 ",," 2,806,991.22 "," 2,806,991.22 ", -   ,,," 2,806,991.22 ",," 2,806,991.22 ", -   ," 2,806,991.22 ", -   ,,," 2,806,991.22 ",," 2,806,991.22 ", -   ,100.00%,
"Upgrading of Road, Brgy. Culis, Hermosa, Bataan",8000-5-2.2.25,OPE, -   ," 1,927,446.03 ",,," 1,927,446.03 ",," 1,927,446.03 "," 1,927,446.03 ", -   ,,," 1,927,446.03 ",," 1,927,446.03 ", -   ," 1,927,446.03 ", -   ,,," 1,927,446.03 ",," 1,927,446.03 ", -   ,100.00%,
"Improvement of Road, Brgy. Magsaysay, Dinalupihan, Bataan",8000-5-2.2.38,OPE, -   ," 1,935,097.94 ",,," 1,935,097.94 ",," 1,935,097.94 "," 1,935,097.94 ", -   ,,," 1,935,097.94 ",," 1,935,097.94 ", -   ," 1,935,097.94 ", -   ,,," 1,935,097.94 ",," 1,935,097.94 ", -   ,100.00%,
"Improvement of Road, Brgy. Centro II, Orani, Bataan",8000-5-2.2.46,OPE, -   ," 1,942,615.49 ",,," 1,942,615.49 ",," 1,942,615.49 "," 1,942,615.49 ", -   ,,," 1,942,615.49 ",," 1,942,615.49 ", -   ," 1,942,615.49 ", -   ,,," 1,942,615.49 ",," 1,942,615.49 ", -   ,100.00%,
"Improvement of Road, Brgy. Almacen, Hermosa, Bataan",8000-5-2.2.66,OPE, -   ," 1,934,098.65 ",,," 1,934,098.65 ",," 1,934,098.65 "," 1,934,098.65 ", -   ,,," 1,934,098.65 ",," 1,934,098.65 ", -   ," 1,934,098.65 ", -   ,,," 1,934,098.65 ",," 1,934,098.65 ", -   ,100.00%,
"Upgrading of Road, Brgy. Talimundoc, Orani, Bataan",8000-5-2.2.127,OPE, -   ," 1,941,576.86 ",,," 1,941,576.86 ",," 1,941,576.86 "," 1,941,576.86 ", -   ,,," 1,941,576.86 ",," 1,941,576.86 ", -   ," 1,941,576.86 ", -   ,,," 1,941,576.86 ",," 1,941,576.86 ", -   ,100.00%,
"Upgrading Farm to  Market Road, Brgy. Bilolo, Orion, Bataan",8000-5-2.2.6,OPE, -   ," 1,954,160.60 ",,," 1,954,160.60 ",," 1,954,160.60 "," 1,954,160.60 ", -   ,,," 1,954,160.60 ",," 1,954,160.60 ", -   ," 1,954,160.60 "," (18,005.44)",,," 1,936,155.16 ",," 1,936,155.16 "," 18,005.44 ",99.08%,
"Upgrading of Road, Brgy. Kabalutan, Orani, Bataan",8000-5-2.2.47,OPE, -   ," 2,907,812.59 ",,," 2,907,812.59 ",," 2,907,812.59 "," 2,907,812.59 ", -   ,,," 2,907,812.59 ",," 2,907,812.59 ", -   ," 2,907,812.59 ", -   ,,," 2,907,812.59 ",," 2,907,812.59 ", -   ,100.00%,
"Upgrading of Road, Brgy. Tugatog, Orani, Bataan",8000-5-2.2.22,OPE, -   ," 1,943,899.92 ",,," 1,943,899.92 ",," 1,943,899.92 "," 1,943,899.92 ", -   ,,," 1,943,899.92 ",," 1,943,899.92 ", -   ," 1,943,899.92 ", -   ,,," 1,943,899.92 ",," 1,943,899.92 ", -   ,100.00%,
"Improvement of Farm to Market Road, Brgy. Pulo, Hermosa, Bataan",8000-5-2.2.24,OPE, -   ," 2,929,155.97 ",,," 2,929,155.97 ",," 2,929,155.97 "," 2,929,155.97 ", -   ,,," 2,929,155.97 ",," 2,929,155.97 ", -   ," 2,908,638.04 ", -   ,,," 2,908,638.04 ",," 2,908,638.04 "," 20,517.93 ",99.30%,
"Upgrading of Road, Brgy. Mulawin, Orani, Bataan",8000-5-2.2.120,OPE, -   ," 2,915,897.40 ",,," 2,915,897.40 ",," 2,915,897.40 "," 2,915,897.40 ", -   ,,," 2,915,897.40 ",," 2,915,897.40 ", -   ," 2,915,897.40 ", -   ,,," 2,915,897.40 ",," 2,915,897.40 ", -   ,100.00%,
"Concreting of Road, Brgy. Layac, Dinalupihan, Bataan",8000-5-2.2.158,OPE, -   , -   ,,, -   ,, -   , -   , -   ,,, -   ,, -   , -   , -   , -   ,,, -   ,, -   , -   ,#DIV/0!, Reverted thru SB No. 1 
"Concreting of Road, Brgy. San Antonio, Bagac, Bataan",8000-5-2.2.85,OPE, -   , -   ,,, -   ,, -   , -   , -   ,,, -   ,, -   , -   , -   , -   ,,, -   ,, -   , -   ,#DIV/0!, Reverted thru SB No. 1 
"Concreting of Road, Brgy. A. Ricardo, Bagac, Bataan",8000-5-2.2.151,OPE, -   , -   ,,, -   ,, -   , -   , -   ,,, -   ,, -   , -   , -   , -   ,,, -   ,, -   , -   ,#DIV/0!, Reverted thru SB No. 1 
"Concreting of Farm to  Market Road, Brgy. Luacan, Dinalupihan, Bataan",8000-5-2.2.16,OPE, -   , -   ,,, -   ,, -   , -   , -   ,,, -   ,, -   , -   , -   , -   ,,, -   ,, -   , -   ,#DIV/0!, Reverted thru SB No. 1 
"Concreting of Road, Brgy. Bagong Silang, Balanga City, Bataan",8000-5-2.2.146,OPE, -   , -   ,,, -   ,, -   , -   , -   ,,, -   ,, -   , -   , -   , -   ,,, -   ,, -   , -   ,#DIV/0!, Reverted thru SB No. 4 
"Concreting  of Road, Brgy. Tipo, Hermosa, Bataan",8000-5-2.2.29,OPE, -   , -   ,,, -   ,, -   , -   , -   ,,, -   ,, -   , -   , -   , -   ,,, -   ,, -   , -   ,#DIV/0!, Reverted thru SB No. 4 
"Upgrading of Road, Brgy. Daungan, Hermosa, Bataan",8000-5-2.2.157,OPE, -   , -   ,,, -   ,, -   , -   , -   ,,, -   ,, -   , -   , -   , -   ,,, -   ,, -   , -   ,#DIV/0!, Reverted thru SB No. 1 
"Upgrading of Farm to  Market Road, Brgy. Tanato, Balanga City, Bataan",8000-5-2.2.58,OPE, -   ," 1,943,767.55 ",,," 1,943,767.55 ",," 1,943,767.55 "," 1,943,767.55 ", -   ,,," 1,943,767.55 ",," 1,943,767.55 ", -   ," 1,943,767.55 ", -   ,,," 1,943,767.55 ",," 1,943,767.55 ", -   ,100.00%,
"Upgrading of Road, Brgy. Daan Bilolo, Orion, Bataan",8000-5-2.2.83,OPE, -   ," 868,762.80 ",,," 868,762.80 ",," 868,762.80 "," 868,762.80 ", -   ,,," 868,762.80 ",," 868,762.80 ", -   ," 868,762.80 ", -   ,,," 868,762.80 ",," 868,762.80 ", -   ,100.00%,
"Improvement of Farm to Market Road, Brgy. Bantan, Orion, Bataan",8000-5-2.2.174,OPE, -   ," 4,863,500.72 ",,," 4,863,500.72 ",," 4,863,500.72 "," 4,863,500.72 ", -   ,,," 4,863,500.72 ",," 4,863,500.72 ", -   ," 4,863,500.72 ", -   ,,," 4,863,500.72 ",," 4,863,500.72 ", -   ,100.00%,
"Upgrading of Farm to Market Road, Brgy. Mabatang, Abucay, Bataan",8000-5-2.2.153,OPE, -   ," 1,943,429.54 ",,," 1,943,429.54 ",," 1,943,429.54 "," 1,943,429.54 ", -   ,,," 1,943,429.54 ",," 1,943,429.54 ", -   ," 1,943,429.54 ", -   ,,," 1,943,429.54 ",," 1,943,429.54 ", -   ,100.00%,
"Improvement of Road, Brgy. Torres, Dinalupihan, Bataan",8000-5-2.2.133,OPE, -   ," 1,954,350.36 ",,," 1,954,350.36 ",," 1,954,350.36 "," 1,954,350.36 ", -   ,,," 1,954,350.36 ",," 1,954,350.36 ", -   ," 1,923,133.83 ", -   ,,," 1,923,133.83 ",," 1,923,133.83 "," 31,216.53 ",98.40%,
"Concreting of Road, Brgy. Poblacion, Pilar, Bataan",8000-5-2.2.68,OPE, -   , -   ,,, -   ,, -   , -   , -   ,,, -   ,, -   , -   , -   , -   ,,, -   ,, -   , -   ,#DIV/0!, Reverted thru SB No. 4 
"Concreting of Road, Brgy. Sto. Domingo, Orion, Bataan",8000-5-2.2.86,OPE, -   , -   ,,, -   ,, -   , -   , -   ,,, -   ,, -   , -   , -   , -   ,,, -   ,, -   , -   ,#DIV/0!, Reverted thru SB No. 1 
"Improvement of Road, Brgy. Capunitan, Orion, Bataan",8000-5-2.2.175,OPE, -   , -   ,,, -   ,, -   , -   , -   ,,, -   ,, -   , -   , -   , -   ,,, -   ,, -   , -   ,#DIV/0!, Reverted thru SB No. 1 
"Upgrading of Road, Brgy. Lucanin, Mariveles, Bataan",8000-5-2.2.177,OPE, -   , -   ,,, -   ,, -   , -   , -   ,,, -   ,, -   , -   , -   , -   ,,, -   ,, -   , -   ,#DIV/0!, Reverted thru SB No. 4 
"Concreting of Road, Brgy. Poblacion, Mariveles, Bataan",8000-5-2.2.130,OPE, -   , -   ,,, -   ,, -   , -   , -   ,,, -   ,, -   , -   , -   , -   ,,, -   ,, -   , -   ,#DIV/0!, Reverted thru SB No. 1 
"Concreting of Road, Brgy. Lalawigan, Samal, Bataan",8000-5-2.2.64,OPE, -   , -   ,,, -   ,, -   , -   , -   ,,, -   ,, -   , -   , -   , -   ,,, -   ,, -   , -   ,#DIV/0!, Reverted thru SB No. 1 
"Concreting of Farm to Market Road, Brgy. Palili, Samal, Bataan",8000-5-2.2.132,OPE, -   , -   ,,, -   ,, -   , -   , -   ,,, -   ,, -   , -   , -   , -   ,,, -   ,, -   , -   ,#DIV/0!, Reverted thru SB No. 1 
"Concreting of Farm to  Market Road, Brgy. Tala, Orani, Bataan",8000-5-2.2.49,OPE, -   , -   ,,, -   ,, -   , -   , -   ,,, -   ,, -   , -   , -   , -   ,,, -   ,, -   , -   ,#DIV/0!, Reverted thru SB No. 1 
"Upgrading of Road, Brgy. Apollo, Orani, Bataan",8000-5-2.2.42,OPE, -   , -   ,,, -   ,, -   , -   , -   ,,, -   ,, -   , -   , -   , -   ,,, -   ,, -   , -   ,#DIV/0!, Reverted thru SB No. 1 
"Upgrading of Road, Brgy. Paraiso, Orani, Bataan",8000-5-2.2.54,OPE, -   , -   ,,, -   ,, -   , -   , -   ,,, -   ,, -   , -   , -   , -   ,,, -   ,, -   , -   ,#DIV/0!, Reverted thru SB No. 1 
"Concreting of Road, Brgy. Puksuan, Orani, Bataan",8000-5-2.2.117,OPE, -   , -   ,,, -   ,, -   , -   , -   ,,, -   ,, -   , -   , -   , -   ,,, -   ,, -   , -   ,#DIV/0!, Reverted thru SB No. 1 
"Concreting of Road, Brgy. Pantalan Luma, Orani, Bataan",8000-5-2.2.135,OPE, -   , -   ,,, -   ,, -   , -   , -   ,,, -   ,, -   , -   , -   , -   ,,, -   ,, -   , -   ,#DIV/0!, Reverted thru SB No. 1 
"Upgrading of Road, Brgy. Balut, Orani, Bataan",8000-5-2.2.137,OPE, -   , -   ,,, -   ,, -   , -   , -   ,,, -   ,, -   , -   , -   , -   ,,, -   ,, -   , -   ,#DIV/0!, Reverted thru SB No. 1 
"Upgrading of Farm to Market Road, Brgy. Sabang, Morong, Bataan",8000-5-2.2.182,OPE, -   ," 3,666,098.68 ",,," 3,666,098.68 ",," 3,666,098.68 "," 3,666,098.68 ", -   ,,," 3,666,098.68 ",," 3,666,098.68 ", -   ," 3,666,098.68 ", -   ,,," 3,666,098.68 ",," 3,666,098.68 ", -   ,100.00%, Supplemental Budget No. 1 
"Improvement of Various Barangay Roads (Layac, Sta. Isabel, Sto. Niño), Dinalupihan, Bataan",8000-5-2.2.183,OPE, -   ," 8,778,987.64 ",,," 8,778,987.64 ",," 8,778,987.64 "," 8,778,987.64 ", -   ,,," 8,778,987.64 ",," 8,778,987.64 ", -   ," 8,745,381.49 ", -   ,,," 8,745,381.49 ",," 8,745,381.49 "," 33,606.15 ",99.62%, Supplemental Budget No. 1 
"Improvement of Various Barangay Roads (Sto. Domingo, Capunitan, Calungusan), Orion, Bataan",8000-5-2.2.184,OPE, -   ," 12,655,922.76 ",,," 12,655,922.76 ",," 12,655,922.76 "," 12,655,922.76 ", -   ,,," 12,655,922.76 ",," 12,655,922.76 ", -   ," 12,655,922.76 ", -   ,,," 12,655,922.76 ",," 12,655,922.76 ", -   ,100.00%, Supplemental Budget No. 1 
"Improvement of Road, Brgy. East Calaguiman, Samal, Bataan",8000-5-2.2.185,OPE, -   ," 2,927,987.65 ",,," 2,927,987.65 ",," 2,927,987.65 "," 2,927,987.65 ", -   ,,," 2,927,987.65 ",," 2,927,987.65 ", -   ," 2,909,324.18 ", -   ,,," 2,909,324.18 ",," 2,909,324.18 "," 18,663.47 ",99.36%, Supplemental Budget No. 1 
"Improvement of Road, Brgy. A. Ricardo, Bagac, Bataan",8000-5-2.2.186,OPE, -   ," 1,952,450.84 ",," 1,952,450.84 ",,," 1,952,450.84 "," 1,952,450.84 ", -   ,," 1,952,450.84 ",,," 1,952,450.84 ", -   ," 1,952,450.84 "," (19,390.74)",," 1,933,060.10 ",,," 1,933,060.10 "," 19,390.74 ",99.01%, Supplemental Budget No. 6 
Subtotal,,, -   ," 291,565,563.86 ",,,,," 291,565,563.86 "," 291,565,563.86 ", (0.00),,,,," 291,565,563.86 ", -   ," 263,701,421.72 "," 20,488,778.87 ",,,,," 284,190,200.59 "," 7,375,363.27 ",,
Environmental Management,,,,,,,,,,,,,,,,,,,,,,,,,,,
Provincial Greening Program,8000-4-2.1.1,OPG-ENRO, -   ," 2,500,000.00 ",," 2,500,000.00 ",,," 2,500,000.00 "," 2,500,000.00 ", -   ,," 2,500,000.00 ",,," 2,500,000.00 ", -   ," 1,529,902.60 "," (38,242.60)",," 1,491,660.00 ",,," 1,491,660.00 "," 1,008,340.00 ",59.67%,
Provincial Environmental Monitoring Program,8000-4-2.1.2,OPG-ENRO, -   ," 2,975,000.00 ",," 1,200,000.00 "," 1,775,000.00 ",," 2,975,000.00 "," 2,975,000.00 ", -   ,," 1,200,000.00 "," 1,775,000.00 ",," 2,975,000.00 ", -   , -   , -   ,, -   , -   ,, -   ," 2,975,000.00 ",0.00%,
Community-Based Forest Management Program,8000-4-2.1.3,OPG-ENRO, -   ," 550,000.00 ",," 550,000.00 ",,," 550,000.00 "," 550,000.00 ", -   ,," 550,000.00 ",,," 550,000.00 ", -   ," 544,333.00 "," (2,465.00)",," 541,868.00 ",,," 541,868.00 "," 8,132.00 ",98.52%,
Support to City/Municipal Solid Waste Management,8000-4-2.1.4,OPG-ENRO, -   ," 245,000.00 ",," 245,000.00 ",,," 245,000.00 "," 245,000.00 ", -   ,," 245,000.00 ",,," 245,000.00 ", -   , -   , -   ,, -   ,,, -   ," 245,000.00 ",0.00%,
PGB Solid Waste Management Program,8000-4-2.1.5,OPG-ENRO, -   , -   ,, -   ,,, -   , -   , -   ,, -   ,,, -   , -   , -   , -   ,, -   ,,, -   , -   ,#DIV/0!, Reverted thru SB No. 7 
Health Care Waste Management,8000-4-2.1.6,OPG-ENRO, -   ," 1,500,000.00 ",," 1,500,000.00 ",,," 1,500,000.00 "," 1,500,000.00 ", -   ,," 1,500,000.00 ",,," 1,500,000.00 ", -   ," 1,500,000.00 "," (44,673.80)",," 1,455,326.20 ",,," 1,455,326.20 "," 44,673.80 ",97.02%,
Coastal Clean-up Activity,8000-4-2.1.7,OPG-ENRO, -   ," 97,160.00 ",," 97,160.00 ",,," 97,160.00 "," 97,160.00 ", -   ,," 97,160.00 ",,," 97,160.00 ", -   ," 94,529.00 ", -   ,," 94,529.00 ",,," 94,529.00 "," 2,631.00 ",97.29%,
Procurement of Farm Inputs for Upland Farmers,8000-4-2.1.9,OPG-ENRO, -   ," 500,000.00 ",," 500,000.00 ",,," 500,000.00 "," 500,000.00 ", -   ,," 500,000.00 ",,," 500,000.00 ", -   ," 493,475.00 "," (10,875.00)",," 482,600.00 ",,," 482,600.00 "," 17,400.00 ",96.52%,
"Improvement of Creek, Brgy. Sta. Elena, Orion, Bataan",8000-5-2.3.71,OPE, -   ," 1,935,165.77 ",," 1,935,165.77 ",,," 1,935,165.77 "," 1,935,165.77 ", -   ,," 1,935,165.77 ",,," 1,935,165.77 ", -   ," 1,935,165.77 ", -   ,," 1,935,165.77 ",,," 1,935,165.77 ", -   ,100.00%,
"Rehabilitation of Drainage System, Brgy. Talisay, Balanga City, Bataan",8000-5-2.3.65,OPE, -   ," 1,644,926.02 ",," 1,644,926.02 ",,," 1,644,926.02 "," 1,644,926.02 ", -   ,," 1,644,926.02 ",,," 1,644,926.02 ", -   ," 1,644,926.02 ", -   ,," 1,644,926.02 ",,," 1,644,926.02 ", -   ,100.00%,
"Repair / Rehab of Drainage System, Brgy. Ibayo, Balanga City, Bataan",8000-5-2.3.100,OPE, -   , -   ,, -   ,,, -   , -   , -   ,, -   ,,, -   , -   , -   , -   ,, -   ,,, -   , -   ,#DIV/0!, Reverted thru SB No. 4 
"Rehabilitation of Drainage System, Brgy. San Jose, Balanga City, Bataan",8000-5-2.3.34,OPE, -   , -   ,, -   ,,, -   , -   , -   ,, -   ,,, -   , -   , -   , -   ,, -   ,,, -   , -   ,#DIV/0!, Reverted thru SB No. 1 
"Rehab /Improvement of Drainage System, Brgy. Balon Anito, Mariveles, Bataan",8000-5-2.3.1,OPE, -   , -   ,, -   ,,, -   , -   , -   ,, -   ,,, -   , -   , -   , -   ,, -   ,,, -   , -   ,#DIV/0!, Reverted thru SB No. 4 
"Rehab/Improvement of Drainage System, Brgy. Gomez, Dinalupihan, Bataan",8000-5-2.3.5,OPE, -   , -   ,, -   ,,, -   , -   , -   ,, -   ,,, -   , -   , -   , -   ,, -   ,,, -   , -   ,#DIV/0!, Reverted thru SB No. 1 
"Construction of Dike, Brgy. Panilao, Pilar, Bataan",8000-5-2.3.89,OPE, -   ," 4,861,098.25 ",,," 4,861,098.25 ",," 4,861,098.25 "," 4,861,098.25 ", -   ,,," 4,861,098.25 ",," 4,861,098.25 ", -   ," 4,861,098.25 ", -   ,,," 4,861,098.25 ",," 4,861,098.25 ", -   ,100.00%,
"Construction of Drainage System, Brgy. Palihan, Orani, Bataan",8000-5-2.3.123,OPE, -   ," 1,937,393.75 ",,," 1,937,393.75 ",," 1,937,393.75 "," 1,937,393.75 ", -   ,,," 1,937,393.75 ",," 1,937,393.75 ", -   ," 1,937,393.75 ", -   ,,," 1,937,393.75 ",," 1,937,393.75 ", -   ,100.00%,
"Construction of Drainage System, Brgy. Dangcol, Balanga City, Bataan",8000-5-2.3.33,OPE, -   ," 1,926,495.47 ",,," 1,926,495.47 ",," 1,926,495.47 "," 1,926,495.47 ", -   ,,," 1,926,495.47 ",," 1,926,495.47 ", -   ," 1,926,495.47 ", -   ,,," 1,926,495.47 ",," 1,926,495.47 ", -   ,100.00%,
"Construction of Drainage System, Brgy. Batangas II, Mariveles, Bataan",8000-5-2.3.30,OPE, -   ," 1,944,369.60 ",,," 1,944,369.60 ",," 1,944,369.60 "," 1,944,369.60 ", -   ,,," 1,944,369.60 ",," 1,944,369.60 ", -   ," 1,944,369.60 ", -   ,,," 1,944,369.60 ",," 1,944,369.60 ", -   ,100.00%,
"Construction of Dike, Brgy. Padre Dandan, Dinalupihan, Bataan",8000-5-2.3.62,OPE, -   ," 4,841,091.16 ",,," 4,841,091.16 ",," 4,841,091.16 "," 4,841,091.16 ", -   ,,," 4,841,091.16 ",," 4,841,091.16 ", -   ," 4,841,091.16 ", -   ,,," 4,841,091.16 ",," 4,841,091.16 ", -   ,100.00%,
"Construction of Drainage System, Brgy. Centro I, Orani, Bataan",8000-5-2.3.9,OPE, -   , -   ,,, -   ,, -   , -   , -   ,,, -   ,, -   , -   , -   , -   ,,, -   ,, -   , -   ,#DIV/0!, Reverted thru SB No. 1 
"Construction of Drainage System, Brgy. Camacho, Balanga City, Bataan",8000-5-2.3.119,OPE, -   , -   ,,, -   ,, -   , -   , -   ,,, -   ,, -   , -   , -   , -   ,,, -   ,, -   , -   ,#DIV/0!, Reverted thru SB No. 1 
"Construction of Drainage System, Brgy. Wakas North, Pilar, Bataan",8000-5-2.3.4,OPE, -   , -   ,,, -   ,, -   , -   , -   ,,, -   ,, -   , -   , -   , -   ,,, -   ,, -   , -   ,#DIV/0!, Reverted thru SB No. 1 
"Construction of Drainage System, Brgy. Tabing-ilog, Bagac, Bataan",8000-5-2.3.12,OPE, -   , -   ,,, -   ,, -   , -   , -   ,,, -   ,, -   , -   , -   , -   ,,, -   ,, -   , -   ,#DIV/0!, Reverted thru SB No. 4 
"Construction of Canal, Brgy. Kaparangan, Orani, Bataan",8000-5-2.3.93,OPE, -   , -   ,,, -   ,, -   , -   , -   ,,, -   ,, -   , -   , -   , -   ,,, -   ,, -   , -   ,#DIV/0!, Reverted thru SB No. 1 
"Construction of Slope Protection, Brgy. Ibaba, Samal, Bataan",8000-5-2.3.61,OPE, -   ," 4,862,582.75 ",,," 4,862,582.75 ",," 4,862,582.75 "," 4,862,582.75 ", -   ,,," 4,862,582.75 ",," 4,862,582.75 ", -   ," 4,862,582.43 ", -   ,,," 4,862,582.43 ",," 4,862,582.43 ", 0.32 ,100.00%,
"Construction of Slope Protection, Brgy. Sta. Isabel, Dinalupihan, Bataan",8000-5-2.3.115,OPE, -   , -   ,,, -   ,, -   , -   , -   ,,, -   ,, -   , -   , -   , -   ,,, -   ,, -   , -   ,#DIV/0!, Reverted thru SB No. 1 
"Construction of Drainage, Brgy. San Isidro, Mariveles, Bataan",8000-5-2.3.75,OPE, -   , -   ,,, -   ,, -   , -   , -   ,,, -   ,, -   , -   , -   , -   ,,, -   ,, -   , -   ,#DIV/0!, Reverted thru SB No. 1 
"Construction of Drainage System, Brgy. Pentor, Dinalupihan, Bataan",8000-5-2.3.6,OPE, -   , -   ,,, -   ,, -   , -   , -   ,,, -   ,, -   , -   , -   , -   ,,, -   ,, -   , -   ,#DIV/0!, Reverted thru SB No. 1 
"Just compensation for Road Right of Way for Bataan Sanitary Landfill Facility, Capitangan, Abucay, Bataan",8000-5-2.3.124,OPE, -   ," 2,000,000.00 ",,," 2,000,000.00 ",," 2,000,000.00 "," 2,000,000.00 ", -   ,,," 2,000,000.00 ",," 2,000,000.00 ", -   , -   , -   ,,, -   ,, -   ," 2,000,000.00 ",0.00%, Supplemental Budget No. 1 
Subtotal,,, -   ," 34,320,282.77 ",,,,," 34,320,282.77 "," 34,320,282.77 ", -   ,,,,," 34,320,282.77 ", -   ," 28,115,362.05 "," (96,256.40)",,, -   ,," 28,019,105.65 "," 6,301,177.12 ",,
LOCAL DISASTER RISK REDUCTION AND MANAGEMENT FUND,,,,,,,,,,,,,,,,,,,,,,,,,,,
70% Disaster Preparedness,,,,,,,,,,,,,,,,,,,,,,,,,,,
Disaster Prevention and Mitigation,,,,,,,,,,,,,,,,,,,,,,,,,,,
Support for Environmental Resiliency PPAs and other PROJECT TRANSFORM-related PPAs.,9000-3-1.1,PDRRMC / External Partner Academe , -   ," 315,865.42 ",," 315,865.42 ", -   ,," 315,865.42 "," 315,865.42 ", -   ,," 315,865.42 ", -   ,," 315,865.42 ", -   ," 315,865.42 ", -   , -   ," 315,865.42 ", -   ,," 315,865.42 ", -   ,100.00%,
"Conduct/Support/Procure Community Risk Assessment projects, programs, and activities (e.g. Research, CRA Tools development/employment, updating hazard map, etc.)",9000-3-1.2,PDRRMO / PDRRMC , -   , -   ,, -   ,,, -   , -   , -   ,, -   ,,, -   , -   , -   , -   , -   , -   ,,, -   , -   ,#DIV/0!, Reverted thru SB No. 8 
"Subsidy to support the capacity building of Local Government Unit/s (Construction of DRRM critical facilities, purchasing of equipment, training, coastal surveillance, monitoring, EWS, etc.)",9000-3-1.5,PDRRMO, -   ," 9,300,000.00 ",," 9,300,000.00 ",,," 9,300,000.00 "," 4,000,000.00 "," 5,300,000.00 ",," 9,300,000.00 ",,," 9,300,000.00 ", -   , -   ," 9,300,000.00 ", -   ," 9,300,000.00 ",,," 9,300,000.00 ", -   ,100.00%, Supplemental Budget No. 1 
Disaster Preparedness,,,,,,,,,,,,,,,,,,,,,,,,,,,
"Conduct / Participate / Attend on DRRM-related trainings, multi-stakeholder PDRRMC consultations, planning workshops, meetings, and/or formulation of disaster-related plans, along with other capacity-building activities related to prevention, mitigation, preparedness, response, recovery, and rehabilitation programs, etc.",9000-3-2.1,PDRRMO/ PDRRMC, -   ," 5,340,806.66 ",," 4,824,806.66 "," 516,000.00 ",," 5,340,806.66 "," 5,565,806.66 "," (225,000.00)",," 4,824,806.66 "," 516,000.00 ",," 5,340,806.66 ", -   ," 4,892,237.50 "," 66,877.90 ",," 4,465,915.40 "," 493,200.00 ", -   ," 4,959,115.40 "," 381,691.26 ",92.85%,
Conduct simulation exercises/drills at various levels to test capabilities and/ or contingency plans,9000-3-2.2,PDRRMO/ PDRRMC, -   ," 188,000.00 ",," 188,000.00 ",,," 188,000.00 "," 381,000.00 "," (193,000.00)",," 188,000.00 ",,," 188,000.00 ", -   ," 168,442.00 "," 3,850.00 ",," 172,292.00 ",, -   ," 172,292.00 "," 15,708.00 ",91.64%,
Conduct Oplan Sumvac ,9000-3-2.3,PDRRMO, -   ," 738,936.00 ",," 738,936.00 ",,," 738,936.00 "," 738,936.00 ", -   ,," 738,936.00 ",,," 738,936.00 ", -   ," 738,936.00 ", -   ,," 738,936.00 ",, -   ," 738,936.00 ", -   ,100.00%,
Conduct Oplan Kaluluwa ,9000-3-2.4,PDRRMO, -   ," 223,462.62 ",," 223,462.62 ",,," 223,462.62 "," 534,225.00 "," (310,762.38)",," 223,462.62 ",,," 223,462.62 ", -   ," 534,225.00 "," (313,104.00)",," 221,121.00 ",, -   ," 221,121.00 "," 2,341.62 ",98.95%,
Observe National Disaster Resilience Month ,9000-3-2.5,PDRRMO, -   ," 263,346.00 ",," 263,346.00 ",,," 263,346.00 "," 263,346.00 ", -   ,," 263,346.00 ",,," 263,346.00 ", -   ," 263,346.00 ", -   ,," 263,346.00 ",, -   ," 263,346.00 ", -   ,100.00%,
"Enhancement, Maintenance, Procurement for PDRRMO EOC , Training Center, Dormitory, Evac Center, Warehouse and other DRRM Critical Facilities (e.g. 1BIACC, etc.)",9000-3-2.6,PDRRMO/PDRRMC, -   ," 12,084,900.00 ",, -   ," 12,084,900.00 ",," 12,084,900.00 "," 12,084,900.00 ", -   ,, -   ," 12,084,900.00 ",," 12,084,900.00 ", -   ," 12,084,840.00 ", -   ,, -   ," 12,084,840.00 ", -   ," 12,084,840.00 ", 60.00 ,100.00%,
Implement/Conduct Barangay Resilience Program ,9000-3-2.7,PDRRMO, -   ," 5,589,985.82 ",," 5,589,985.82 ",,," 5,589,985.82 "," 7,096,371.00 "," (1,506,385.18)",," 5,589,985.82 ",,," 5,589,985.82 ", -   ," 5,471,150.82 "," 108,794.00 ",," 5,579,944.82 ",, -   ," 5,579,944.82 "," 10,041.00 ",99.82%,
Stockpiling relief goods and basic emergency supplies in preparation for disasters/calamities,9000-3-2.8,PDRRMO / PGSO /PSWDO , -   ," 819,636.74 ",," 819,636.74 ",,," 819,636.74 "," 819,636.74 ", -   ,," 819,636.74 ",,," 819,636.74 ", -   ," 819,636.74 ", -   ,," 819,636.74 ",, -   ," 819,636.74 ", -   ,100.00%,
Conduct surveillance and testing/monitoring (red tide) ,9000-3-2.9,OPA/BFAR, -   , -   ,, -   ,,, -   , -   , -   ,, -   ,,, -   , -   , -   , -   ,, -   ,, -   , -   , -   ,#DIV/0!, Reverted thru SB No. 6 
"Provision of Insurance for Search, Rescue and Retrieval Team, other DRRM workers and volunteers (ACDV's) , etc. ",9000-3-2.10,PDRRMO, -   , -   ,, -   ,,, -   , -   , -   ,, -   ,,, -   , -   , -   , -   ,, -   ,, -   , -   , -   ,#DIV/0!, Reverted thru SB No. 8 
"Development, procurement, production, installation, and maintenance of Early Warning Device/System and IEC for all-hazard (CCTV Water Level Monitoring System, Automated Rain Gauge, Air Quality Monitoring System, Traffic Safety Devices, Signages, pavement markings, SOS, etc.), scanning machine for safety and security",9000-3-2.11,PDRRMO, -   ," 10,528,196.00 ",," 21,504.00 "," 10,506,692.00 ",," 10,528,196.00 "," 10,848,896.00 "," (320,700.00)",," 21,504.00 "," 10,506,692.00 ",," 10,528,196.00 ", -   ," 10,528,196.00 ", -   ,," 21,504.00 "," 10,506,692.00 ", -   ," 10,528,196.00 ", -   ,100.00%, Supplemental Budget No. 1 
DRRM Public awareness campaigns and risk communication,9000-3-2.12,PDRRMO, -   ," 275,138.00 ",," 275,138.00 ",,," 275,138.00 "," 275,138.00 ", -   ,," 275,138.00 ",,," 275,138.00 ", -   ," 274,851.00 ", -   ,," 274,851.00 ",, -   ," 274,851.00 ", 287.00 ,99.90%, Supplemental Budget No. 1 
"Procurement of IT/ICT equipment and DRRM MIS (e.g. Computers, Laptop, Cellphone etc.) to be provided to the PDRRMC member agencies/PGB departments/Barangay in the organization of DRRM for monitoring and reporting system of disaster management related data",9000-3-2.13,PDRRMO, -   ," 14,860,281.18 ",," 11,478,607.40 "," 3,381,673.78 ",," 14,860,281.18 "," 16,890,281.18 "," (2,030,000.00)",," 11,478,607.40 "," 3,381,673.78 ",," 14,860,281.18 ", -   ," 14,860,281.18 "," (20,226.20)",," 11,478,607.40 "," 3,361,447.58 ", -   ," 14,840,054.98 "," 20,226.20 ",99.86%, Supplemental Budget No. 1 
Purchase of ASF test kits and laboratory supplies for cPCR,9000-3-2.14,PDRRMO, -   ," 2,219,950.00 ",," 2,219,950.00 ",,," 2,219,950.00 "," 2,305,000.00 "," (85,050.00)",," 2,219,950.00 ",,," 2,219,950.00 ", -   ," 2,219,950.00 ", -   ,," 2,219,950.00 ",, -   ," 2,219,950.00 ", -   ,100.00%, Supplemental Budget No. 6 
Disaster Response,,,,,,,,,,,,,,,,,,,,,,,,,,,
"Sustainment of  24/7 monitoring operations and mobilizing volunteer/response teams, including  FOL for all emergency response vehicles ",9000-3-3.1,PDRRMO / PDRRMC , -   ," 843,547.26 ",," 843,547.26 ",,," 843,547.26 "," 1,062,948.26 "," (219,401.00)",," 843,547.26 ",,," 843,547.26 ", -   ," 708,536.76 "," 38,649.00 ",," 747,185.76 ",,," 747,185.76 "," 96,361.50 ",88.58%,
Activation of Provincial Incident Management Team for planned/unplanned events ,9000-3-3.2,PDRRMO / PDRRMC , -   ," 1,074,411.00 ",," 1,074,411.00 ",,," 1,074,411.00 "," 1,173,970.00 "," (99,559.00)",," 1,074,411.00 ",,," 1,074,411.00 ", -   ," 1,075,581.00 "," (3,926.00)",," 1,071,655.00 ",,," 1,071,655.00 "," 2,756.00 ",99.74%,
"Procurement of additional basic healthcare equipment and supplies (pharmaceutical, vaccine, medical supplies, equipment, etc.)  ",9000-3-3.3,PDRRMO / PDRRMC , -   ," 694,173.00 ",," 694,173.00 ", -   ,," 694,173.00 "," 694,173.00 ", -   ,," 694,173.00 ", -   ,," 694,173.00 ", -   ," 694,173.00 "," (69,740.00)",," 624,433.00 ", -   , -   ," 624,433.00 "," 69,740.00 ",89.95%,
Indemnification for ASF affected hog raisers,9000-3-3.4,PDRRMO / PDRRMC , -   ," 72,000.00 ",," 72,000.00 ",,," 72,000.00 "," 200,000.00 "," (128,000.00)",," 72,000.00 ",,," 72,000.00 ", -   , -   ," 72,000.00 ",," 72,000.00 ",,," 72,000.00 ", -   ,100.00%, Supplemental Budget No. 7 
Disaster Recovery and Rehabilitation,,,,,,,,,,,,,,,,,,,,,,,,,,,
Subsidy to LGUs affected by calamity/disaster ,9000-3-4.1,"PDRRMO/
PDRRMC", -   ," 1,500,000.00 ",," 1,500,000.00 ",,," 1,500,000.00 "," 1,500,000.00 ", -   ,," 1,500,000.00 ",,," 1,500,000.00 ", -   ," 1,500,000.00 ", -   ,," 1,500,000.00 ",,," 1,500,000.00 ", -   ,100.00%, Reverted thru SB No. 6 
Stregthen capacities of communities for livelihood diversification/support ,9000-3-4.2,OPE, -   , -   ,, -   ,,, -   , -   , -   ,, -   ,,, -   , -   , -   , -   ,, -   ,,, -   , -   ,#DIV/0!, Reverted thru SB No. 6 
"Rehabilitation of Dike, Brgy. Cabcaben, Mariveles, Bataan",9000-3-4.5,OPE, -   , -   ,, -   ,,, -   , -   , -   ,, -   ,,, -   , -   , -   , -   ,, -   ,,, -   , -   ,#DIV/0!, Reverted thru SB No. 6 
"Rehabilitation of Dike, Barangay Paraiso, Orani, Bataan",9000-3-4.11,OPE, -   , -   ,, -   ,,, -   , -   , -   ,, -   ,,, -   , -   , -   , -   ,, -   ,,, -   , -   ,#DIV/0!, Reverted thru SB No. 6 
"Rehabilitation of Dike, Brgy. Capitangan, Abucay, Bataan",9000-3-4.26,OPE, -   ," 5,844,940.28 ",," 5,844,940.28 ",,," 5,844,940.28 "," 5,844,940.28 ", -   ,," 5,844,940.28 ",,," 5,844,940.28 ", -   ," 5,844,940.28 "," (30,435.17)",," 5,814,505.11 ",,," 5,814,505.11 "," 30,435.17 ",99.48%, Supplemental Budget No. 4 
"Rehabilitation/Improvement of Dike at Umagol River, Brgy. Ibaba, Bagac, Bataan",9000-3-4.28,OPE, -   ," 6,331,658.41 ",," 6,331,658.41 ",,," 6,331,658.41 "," 6,331,658.41 ", -   ,," 6,331,658.41 ",,," 6,331,658.41 ", -   ," 6,331,658.41 "," (51,762.50)",," 6,279,895.91 ",,," 6,279,895.91 "," 51,762.50 ",99.18%, Supplemental Budget No. 4 
"Construction of Slope Protection, Brgy. Ibaba, Samal, Bataan",9000-3-4.14,OPE, -   , -   ,,, -   ,, -   , -   , -   ,,, -   ,, -   , -   , -   , -   ,,, -   ,, -   , -   ,#DIV/0!, Reverted thru SB No. 6 
"Construction of Dike, Brgy. Cupang Proper, Balanga City, Bataan",9000-3-4.16,OPE, -   , -   ,,, -   ,, -   , -   , -   ,,, -   ,, -   , -   , -   , -   ,,, -   ,, -   , -   ,#DIV/0!, Reverted thru SB No. 6 
"Construction of Dike, Brgy. Padre Dandan, Dinalupihan, Bataan",9000-3-4.17,OPE, -   , -   ,,, -   ,, -   , -   , -   ,,, -   ,, -   , -   , -   , -   ,,, -   ,, -   , -   ,#DIV/0!, Reverted thru SB No. 6 
"Construction of Slope Protection, Brgy. Alangan, Limay, Bataan",9000-3-4.20,OPE, -   ," 4,838,439.67 ",,," 4,838,439.67 ",," 4,838,439.67 "," 4,838,439.67 ", -   ,,," 4,838,439.67 ",," 4,838,439.67 ", -   ," 4,838,439.67 ", -   ,,," 4,838,439.67 ",," 4,838,439.67 ", -   ,100.00%,
"Construction of Slope Protection, Brgy. Camacho, Balanga City, Bataan",9000-3-4.23,OPE, -   ," 4,848,426.24 ",,," 4,848,426.24 ",," 4,848,426.24 "," 4,900,502.24 "," (52,076.00)",,," 4,848,426.24 ",," 4,848,426.24 ", -   ," 4,848,426.24 ", -   ,,," 4,848,426.24 ",," 4,848,426.24 ", -   ,100.00%,
"Construction of Dike, Brgy. Binuangan, Bagac, Bataan",9000-3-4.18,OPE, -   ," 1,921,609.32 ",,," 1,921,609.32 ",," 1,921,609.32 "," 1,951,675.76 "," (30,066.44)",,," 1,921,609.32 ",," 1,921,609.32 ", -   ," 1,921,609.32 ", -   ,,," 1,921,609.32 ",," 1,921,609.32 ", -   ,100.00%, Supplemental Budget No. 1 
"Construction of Dike, Rizal, Dinalupihan, Bataan",9000-3-4.25,OPE, -   , -   ,,, -   ,, -   , -   , -   ,,, -   ,, -   , -   , -   , -   ,,, -   ,, -   , -   ,#DIV/0!, Supplemental Budget No. 1 
"Riprapping of Creek, Brgy. Sta. Elena, Orion, Bataan",9000-3-4.27,OPE, -   ," 2,292,605.89 ",,," 2,292,605.89 ",," 2,292,605.89 "," 2,292,605.89 ", -   ,,," 2,292,605.89 ",," 2,292,605.89 ", -   ," 2,292,605.89 "," (31,851.96)",,," 2,260,753.93 ",," 2,260,753.93 "," 31,851.96 ",98.61%, Supplemental Budget No. 4 
"Construction of Dike, Brgy. Daan Pare, Orion, Bataan",9000-3-4.29,OPE, -   ," 4,385,964.49 ",,," 4,385,964.49 ",," 4,385,964.49 "," 4,385,964.49 ", -   ,,," 4,385,964.49 ",," 4,385,964.49 ", -   ," 4,385,964.49 "," (10,902.30)",,," 4,375,062.19 ",," 4,375,062.19 "," 10,902.30 ",99.75%, Supplemental Budget No. 4 
Procurement/Acquisition of Disaster Equipment for Disaster Response and Rescue Activities,,,,,,,,,,,,,,,,,,,,,,,,,,,
"Procurement of Disaster Response Vehicle and Heavy Equipment and supplies (Ambulance, E-vehicle, Boats, Search and Rescue etc.) PPEs, tools, accessories and supplies for Search, rescue, retrieval and other response operations",9000-3-5.1,PDRRMO , -   ," 24,053,720.00 ",,," 24,053,720.00 ",," 24,053,720.00 "," 24,153,720.00 "," (100,000.00)",,," 24,053,720.00 ",," 24,053,720.00 ", -   ," 24,053,720.00 "," (45,840.00)",,," 24,007,880.00 ",," 24,007,880.00 "," 45,840.00 ",99.81%,
Procurement/ upgrade and improve the essential infrastructures on information and communications technology (ICT) equipment and DRRM MIS,9000-3-5.2,DICT/ MBDA/ PDRRMO , -   , -   ,, -   , -   ,, -   , -   , -   ,, -   , -   ,, -   , -   , -   , -   ,, -   , -   ,, -   , -   ,#DIV/0!, Reverted thru SB No. 6 
"Procurement, production, installation, and maintenance of Early Warning Device/System and IEC for all-hazard (Additional CCTV / Water Level Monitoring System, Automated Rain Gauge, Air Quality Monitoring System, Traffic Safety Devices, Signages, Pavement Markings, AWS, etc.)",9000-3-5.3,PDRRMO/ PDRRMC , -   , -   ,,, -   ,, -   , -   , -   ,,, -   ,, -   , -   , -   , -   ,,, -   ,, -   , -   ,#DIV/0!, Reverted thru SB No. 6 
30% Quick Response,,,,,,,,,,,,,,,,,,,,,,,,,,,
"Lump sum fund to cover, aid relief and rehabilitation services to communities/ areas affected by man-made and natural calamities; repair and reconstruction of permanent structures, including capital expenditures for pre-disaster operations, rehabilitation and other related activities",9000-3-3.6.1,"PDRRMO/
PDRRMC", -   ," 52,050,000.00 ",," 38,750,000.00 "," 13,300,000.00 ",," 52,050,000.00 "," 52,050,000.00 ", -   ,," 38,750,000.00 "," 13,300,000.00 ",," 52,050,000.00 ", -   ," 993,323.90 ", -   ,," 993,323.90 ", -   ,," 993,323.90 "," 51,056,676.10 ",1.91%,
Transfer,,"PDRRMO/
PDRRMC", -   , -   ,,,,, -   , -   ,,,,,, -   , -   , -   ," 51,826,680.61 ",," 38,395,000.15 "," 13,431,680.46 ",," 51,826,680.61 "," (51,826,680.61)",#DIV/0!,
Subtotal,,, -   ," 173,500,000.00 ",,,,," 173,500,000.00 "," 173,500,000.00 ", -   ,,,,," 173,500,000.00 ", -   ," 112,660,936.62 "," 60,839,063.38 ",,,,," 173,500,000.00 ", -   ,,
Provincial Counterpart to Barangay Development Authority,9000-2-1,OPGO, -   ," 237,000.00 ",," 237,000.00 ",,," 237,000.00 ", -   ," 237,000.00 ",," 237,000.00 ",,," 237,000.00 ", -   , -   ," 237,000.00 ",," 237,000.00 ",,," 237,000.00 ", -   ,100.00%,
Subtotal,,, -   ," 237,000.00 ",,,,," 237,000.00 ", -   ," 237,000.00 ",,,,," 237,000.00 ", -   , -   ," 237,000.00 ",,,,," 237,000.00 ", -   ,,
Grand Total,,, -   ," 2,466,023,142.30 "," 58,143,726.80 "," 1,531,308,804.66 "," 364,464,442.64 "," 512,106,168.20 "," 2,466,023,142.30 "," 3,300,904,380.05 "," 141,174,795.00 "," 58,143,726.80 "," 1,531,308,804.66 "," 331,220,924.64 "," 512,106,168.20 "," 2,432,779,624.30 "," 33,243,518.00 "," 2,902,902,545.10 "," 312,937,324.05 "," 56,839,125.51 "," 1,451,119,966.91 "," 312,298,204.85 "," 509,729,550.73 "," 2,329,986,848.00 "," 136,036,294.30 ",,
Current,,,," 3,470,380,000.00 "," 713,593,908.50 "," 1,871,743,930.66 "," 372,935,992.64 "," 512,106,168.20 "," 3,470,380,000.00 "," 3,300,904,380.05 "," 135,556,410.00 "," 712,918,216.55 "," 1,871,743,930.66 "," 339,692,474.64 "," 512,106,168.20 "," 3,436,460,790.05 "," 33,919,209.95 "," 2,902,902,545.10 "," 354,136,674.12 "," 695,202,648.05 "," 1,731,528,915.59 "," 320,578,104.85 "," 509,729,550.73 "," 3,257,039,219.22 "," 179,421,570.83 ",,
,,,," 1,004,356,857.70 "," 655,450,181.70 "," 340,435,126.00 "," 8,471,550.00 ", -   ," 1,004,356,857.70 ", -   ," (5,618,385.00)"," 654,774,489.75 "," 340,435,126.00 "," 8,471,550.00 ", -   ," 1,003,681,165.75 "," 675,691.95 ", -   ," 41,199,350.07 "," 638,363,522.54 "," 280,408,948.68 "," 8,279,900.00 ", -   ," 927,052,371.22 "," 43,385,276.53 ",,
,,,,,,,,, -   ,,,,,,," (1,003,681,165.75)",,," (41,199,350.07)",,,,," (927,052,371.22)"," (43,385,276.53)",,
,,,,,,,,,,,,,,,,,,,,,,,," (927,052,371.22)",,,
,,,,,,,,,,,,,,,,,,,,,,,,,,,
,,,,,,,,,,,,,,,,,,,,,,,,,,,
,,,,,,,,,,,,,,,,,, -   ,,,,,,,,,
Prepared by:,,,,,,,,,,Certified Correct by:,,,,,,,,,,,,,,,,,
,,,,,,,,,,,,,,,,,,,,,,,,,,,
,,,,,,,,,,,,,,,,,,,,,,,,,,,
JOANA MARIE C. AGUAS,,,,,,,,,, EDUARDO D. BANZON,,,,,,,,,,,,,,10-Dec-25,,,
Administrative Officer IV,,,,,,,,,,Provincial Budget Officer,,,,,,,,,,,,,, Date ,,,
,,,,,,,,,,,,,,,,,,,,,,,,,,,
,,,,,,,,,,,,,,,,,,,,,,,,,,,
,,,,,,,,,,,,,,,,,,,,,,,,,,,
,,,,,,,,,,,,,,,,,,,,,,,,,,,
,,,,,,,,,,,,,,,,,,,,,,,,,,,
,,,,,,,,,,,,,,,,,,,,,,,,,,,
,,,,,,,,,,,,,,,,,,,,,,,,,,,
,,,,,,,,,,,,,,,,,,,,,,,,,,,
,,,,,,,,,,,,,,,,,,,,,,,,,,,
,,,,,,,,,,,,,,,,,,,,,,,,,,,
,,,,,,,,,,,,,,,,,,,,,,,,,,,
,,,,,,,,,,,,,,,,,,,,,,,,,,,
,,,,,,,,,,,,,,,,,,,,,,,,,,,
,,,,,,,,,,,,,,,,,,,,,,,,,,,
,,,,,,,,,,,,,,,,,,,,,,,,,,,
,,,,,,,,,,,,,,,,,,,,,,,,,,,
,,,,,,,,,,,,,,,,,,, ,,,,,,,,
